accno,store_name,rep_code,rep_name,health_score,tier_code,tier_label,tier_emoji,freq_3m,freq_6m,freq_12m,freq_score,visits_6m,visits_per_month,days_since_purchase,cadence_score,n_cats_all,n_cats_12m,cats_12m,basket_score,sku_depth_score,sku_depth_detail,trend_slope_pct,trend_score
KS019,S.I.Hardware  Kgapane,NP,Nikhil Panchal,91.0,growing,Active & Growing,🟢,7.35,9.69,10.49,100.0,28,4.67,4,100.0,11,11,"Accessories, Enamel, Floor & Roof Paints, General, PVA Paints, Primers, Putty, QD Enamel, Specialised Coatings, Waterproofing, Woodcare",100.0,100.0,PVA Paints:11.7%; Enamel:23.0%; Primers:35.0%; Woodcare:92.0%; General:54.2%; Accessories:33.3%; QD Enamel:31.7%; Waterproofing:26.3%; Specialised Coatings:75.0%; Putty:50.0%; Floor & Roof Paints:9.5%,-1.98,40.1
KS011,Tiger build Hardware,NP,Nikhil Panchal,87.0,growing,Active & Growing,🟢,4.34,4.68,4.58,100.0,10,1.67,5,83.3,10,10,"Accessories, Enamel, Floor & Roof Paints, General, PVA Paints, Primers, QD Enamel, Specialised Coatings, Waterproofing, Woodcare",90.9,98.8,PVA Paints:2.6%; Enamel:22.4%; Primers:27.5%; Waterproofing:31.6%; Woodcare:76.0%; Specialised Coatings:25.0%; QD Enamel:18.3%; Accessories:33.3%; Floor & Roof Paints:4.1%; General:6.2%,-0.14,49.3
KP005,Patel (Nkomazi Imp. & Exp. CC),BV,Bhadresh Vallabh,86.0,growing,Active & Growing,🟢,4.34,5.51,6.5,100.0,23,3.83,3,100.0,10,10,"Accessories, Enamel, Floor & Roof Paints, General, PVA Paints, Primers, Putty, QD Enamel, Waterproofing, Woodcare",90.9,100.0,Primers:7.5%; Waterproofing:31.6%; General:31.2%; Accessories:36.4%; QD Enamel:20.2%; PVA Paints:16.2%; Putty:62.5%; Floor & Roof Paints:14.9%; Enamel:13.1%; Woodcare:76.0%,-5.03,24.8
KM027,Chief Steel & Hardware,AC,Aboo Cassim,85.0,growing,Active & Growing,🟢,14.7,16.37,15.57,100.0,22,3.67,5,100.0,11,11,"Accessories, Enamel, Floor & Roof Paints, General, PVA Paints, Primers, Putty, QD Enamel, Specialised Coatings, Waterproofing, Woodcare",100.0,100.0,Enamel:32.8%; Putty:75.0%; General:52.1%; Primers:42.5%; Woodcare:84.0%; QD Enamel:26.9%; PVA Paints:30.4%; Waterproofing:36.8%; Accessories:33.3%; Floor & Roof Paints:41.9%; Specialised Coatings:33.3%,-10.18,0.0
KY007,CASH SALE,Z1,Z1,79.2,growing,Active & Growing,🟢,8.69,7.85,8.16,100.0,1,0.17,5,8.3,11,11,"Accessories, Enamel, Floor & Roof Paints, General, PVA Paints, Primers, Putty, QD Enamel, Specialised Coatings, Waterproofing, Woodcare",100.0,53.1,QD Enamel:6.7%; Enamel:10.4%; PVA Paints:14.6%; Primers:22.5%; Floor & Roof Paints:13.5%; Accessories:15.2%; Specialised Coatings:16.7%; Waterproofing:7.9%; Woodcare:24.0%; General:2.1%; Putty:12.5%,42.7,100.0
KS004,S.E.Z. Superette,BV,Bhadresh Vallabh,79.0,growing,Active & Growing,🟢,3.67,3.67,4.66,91.8,5,0.83,12,41.7,10,10,"Accessories, Enamel, Floor & Roof Paints, General, PVA Paints, Primers, QD Enamel, Specialised Coatings, Waterproofing, Woodcare",90.9,60.9,PVA Paints:12.0%; Enamel:15.8%; Floor & Roof Paints:13.5%; Waterproofing:10.5%; Woodcare:36.0%; Accessories:12.1%; QD Enamel:5.8%; Primers:5.0%; General:33.3%; Specialised Coatings:8.3%,7.82,89.1
KA008,AA Hardware 2,AP,Amit Patel,77.5,growing,Active & Growing,🟢,2.0,1.67,1.58,41.8,10,1.67,12,83.3,9,9,"Accessories, Enamel, General, PVA Paints, Primers, Putty, QD Enamel, Waterproofing, Woodcare",81.8,100.0,PVA Paints:6.1%; Enamel:16.9%; Primers:7.5%; Woodcare:68.0%; General:25.0%; Accessories:21.2%; QD Enamel:3.8%; Putty:75.0%; Waterproofing:23.7%,16.59,100.0
KM127,Myka Trade 2  Mankweng,BV,Bhadresh Vallabh,77.4,growing,Active & Growing,🟢,4.01,4.51,3.58,100.0,5,0.83,19,41.7,11,10,"Accessories, Enamel, Floor & Roof Paints, General, PVA Paints, Primers, Putty, QD Enamel, Waterproofing, Woodcare",94.5,93.1,PVA Paints:9.1%; Enamel:17.5%; Woodcare:56.0%; General:27.1%; Accessories:12.1%; QD Enamel:22.1%; Primers:17.5%; Floor & Roof Paints:13.5%; Putty:50.0%; Waterproofing:7.9%,-4.88,25.6
KA100,Absolute Hardware And Tools,AC,Aboo Cassim,75.5,growing,Active & Growing,🟢,4.01,4.68,5.0,100.0,0,0.0,13,0.0,8,8,"Accessories, Enamel, Floor & Roof Paints, PVA Paints, Primers, QD Enamel, Specialised Coatings, Woodcare",72.7,91.0,Enamel:9.8%; Primers:25.0%; Woodcare:76.0%; PVA Paints:1.9%; QD Enamel:23.1%; Floor & Roof Paints:6.8%; Specialised Coatings:33.3%; Accessories:6.1%,19.67,100.0
KM001,Mega Doors and Paint  Hardware,AC,Aboo Cassim,73.6,growing,Active & Growing,🟢,3.34,2.84,2.67,71.0,7,1.17,5,58.3,10,10,"Accessories, Enamel, Floor & Roof Paints, General, PVA Paints, Primers, Putty, QD Enamel, Specialised Coatings, Woodcare",90.9,78.2,PVA Paints:11.0%; Enamel:9.8%; Floor & Roof Paints:24.3%; Primers:20.0%; Woodcare:36.0%; Putty:37.5%; QD Enamel:12.5%; Accessories:15.2%; General:20.8%; Specialised Coatings:8.3%,0.83,54.1
KR008,Shingwedzi B.M.CC,NP,Nikhil Panchal,73.3,growing,Active & Growing,🟢,3.67,4.34,4.91,100.0,4,0.67,5,33.3,11,10,"Accessories, Enamel, Floor & Roof Paints, General, PVA Paints, Primers, Putty, QD Enamel, Waterproofing, Woodcare",94.5,100.0,PVA Paints:5.2%; Putty:75.0%; General:22.9%; Accessories:18.2%; QD Enamel:4.8%; Enamel:24.0%; Woodcare:68.0%; Waterproofing:28.9%; Floor & Roof Paints:6.8%; Primers:12.5%,-19.94,0.0
KK022,Kit Kat Group (Pty) Ltd,NP,Nikhil Panchal,72.5,growing,Active & Growing,🟢,3.67,3.01,2.58,75.2,7,1.17,6,58.3,11,11,"Accessories, Enamel, Floor & Roof Paints, General, PVA Paints, Primers, Putty, QD Enamel, Specialised Coatings, Waterproofing, Woodcare",100.0,100.0,Floor & Roof Paints:35.1%; PVA Paints:41.1%; Enamel:27.3%; Primers:32.5%; Waterproofing:28.9%; Woodcare:84.0%; Specialised Coatings:50.0%; Putty:37.5%; Accessories:39.4%; General:41.7%; QD Enamel:22.1%,-11.92,0.0
KS023,CASH SALE,Z1,Z1,72.2,growing,Active & Growing,🟢,8.69,7.52,8.0,100.0,0,0.0,5,0.0,10,9,"Accessories, Enamel, Floor & Roof Paints, PVA Paints, Primers, Putty, QD Enamel, Specialised Coatings, Waterproofing",85.5,43.4,QD Enamel:3.8%; Enamel:6.6%; PVA Paints:10.0%; Primers:20.0%; Floor & Roof Paints:8.1%; Accessories:12.1%; Specialised Coatings:16.7%; Waterproofing:7.9%; Putty:12.5%,44.42,100.0
KA055,A K Distributors (Pty) Ltd,BV,Bhadresh Vallabh,71.5,growing,Active & Growing,🟢,4.01,4.01,4.66,100.0,0,0.0,12,0.0,9,9,"Enamel, Floor & Roof Paints, General, PVA Paints, Primers, Putty, QD Enamel, Specialised Coatings, Woodcare",81.8,94.9,Primers:20.0%; Enamel:18.6%; Specialised Coatings:41.7%; PVA Paints:1.3%; QD Enamel:16.3%; Floor & Roof Paints:13.5%; Woodcare:48.0%; General:16.7%; Putty:37.5%,0.27,51.3
KE012,Easy Build Hardware,NP,Nikhil Panchal,71.0,growing,Active & Growing,🟢,0.67,1.5,1.5,37.5,8,1.33,33,66.7,10,10,"Accessories, Enamel, General, PVA Paints, Primers, Putty, QD Enamel, Specialised Coatings, Waterproofing, Woodcare",90.9,84.6,PVA Paints:10.0%; Enamel:23.0%; Primers:5.0%; Woodcare:64.0%; Putty:37.5%; General:27.1%; QD Enamel:8.7%; Waterproofing:10.5%; Specialised Coatings:16.7%; Accessories:9.1%,5.61,78.0
KK021,Kit Kat Group (Pty) Ltd,NP,Nikhil Panchal,70.0,growing,Active & Growing,🟢,23.05,18.37,14.91,100.0,0,0.0,6,0.0,11,11,"Accessories, Enamel, Floor & Roof Paints, General, PVA Paints, Primers, Putty, QD Enamel, Specialised Coatings, Waterproofing, Woodcare",100.0,100.0,PVA Paints:55.7%; QD Enamel:23.1%; Primers:40.0%; Enamel:28.4%; Floor & Roof Paints:41.9%; Waterproofing:34.2%; Woodcare:84.0%; Putty:37.5%; General:54.2%; Accessories:42.4%; Specialised Coatings:50.0%,-11.54,0.0
KD001,Dainty's Wholesale Hardware,BV,Bhadresh Vallabh,69.5,growing,Active & Growing,🟢,2.67,4.18,4.33,100.0,0,0.0,12,0.0,11,11,"Accessories, Enamel, Floor & Roof Paints, General, PVA Paints, Primers, Putty, QD Enamel, Specialised Coatings, Waterproofing, Woodcare",100.0,96.7,PVA Paints:15.2%; Enamel:30.6%; Primers:5.0%; Waterproofing:23.7%; Woodcare:56.0%; Floor & Roof Paints:28.4%; Putty:37.5%; QD Enamel:8.7%; Accessories:21.2%; General:31.2%; Specialised Coatings:8.3%,-15.06,0.0
KP030,Platinum Rainbow Hardware,BV,Bhadresh Vallabh,68.9,growing,Active & Growing,🟢,1.0,2.34,3.0,58.5,9,1.5,26,75.0,11,11,"Accessories, Enamel, Floor & Roof Paints, General, PVA Paints, Primers, Putty, QD Enamel, Specialised Coatings, Waterproofing, Woodcare",100.0,86.9,PVA Paints:7.8%; Primers:10.0%; Putty:62.5%; Accessories:24.2%; QD Enamel:27.9%; General:25.0%; Enamel:2.2%; Floor & Roof Paints:13.5%; Woodcare:36.0%; Specialised Coatings:16.7%; Waterproofing:13.2%,-10.68,0.0
KN024,Navisha Investments Pty Ltd,NP,Nikhil Panchal,68.8,growing,Active & Growing,🟢,6.01,6.68,6.33,100.0,4,0.67,27,33.3,8,8,"Accessories, Enamel, General, PVA Paints, Primers, Putty, Waterproofing, Woodcare",72.7,87.5,PVA Paints:3.6%; Enamel:12.0%; Waterproofing:42.1%; Woodcare:32.0%; Putty:25.0%; General:33.3%; Accessories:12.1%; Primers:15.0%,-4.79,26.0
KC029,Choice Build Hardware,AP,Amit Patel,68.4,growing,Active & Growing,🟢,0.67,1.34,1.25,33.5,0,0.0,25,0.0,11,11,"Accessories, Enamel, Floor & Roof Paints, General, PVA Paints, Primers, Putty, QD Enamel, Specialised Coatings, Waterproofing, Woodcare",100.0,100.0,Putty:37.5%; QD Enamel:26.0%; PVA Paints:7.8%; Enamel:20.8%; Floor & Roof Paints:39.2%; Primers:22.5%; Woodcare:84.0%; General:4.2%; Accessories:18.2%; Waterproofing:13.2%; Specialised Coatings:8.3%,18.31,100.0
KL034,Lucky Save 2,AP,Amit Patel,67.6,growing,Active & Growing,🟢,1.0,1.84,1.58,46.0,4,0.67,40,33.3,10,10,"Accessories, Enamel, Floor & Roof Paints, General, PVA Paints, Primers, Putty, QD Enamel, Waterproofing, Woodcare",90.9,59.2,PVA Paints:6.8%; Enamel:13.7%; Putty:37.5%; General:8.3%; Accessories:12.1%; QD Enamel:11.5%; Floor & Roof Paints:6.8%; Waterproofing:18.4%; Woodcare:28.0%; Primers:5.0%,13.27,100.0
KK012,Pacfic Beach Trading 8cc,BV,Bhadresh Vallabh,67.3,growing,Active & Growing,🟢,1.34,1.17,1.0,29.2,9,1.5,4,75.0,10,10,"Accessories, Enamel, Floor & Roof Paints, General, PVA Paints, Primers, Putty, QD Enamel, Waterproofing, Woodcare",90.9,86.1,Enamel:16.4%; Putty:62.5%; Accessories:21.2%; PVA Paints:6.5%; QD Enamel:3.8%; Floor & Roof Paints:4.1%; Woodcare:56.0%; General:8.3%; Primers:7.5%; Waterproofing:28.9%,1.37,56.8
KB012,Buy-Rite,NP,Nikhil Panchal,67.3,growing,Active & Growing,🟢,2.67,4.01,3.08,100.0,0,0.0,18,0.0,10,10,"Accessories, Enamel, Floor & Roof Paints, General, PVA Paints, Primers, QD Enamel, Specialised Coatings, Waterproofing, Woodcare",90.9,100.0,PVA Paints:16.5%; Enamel:23.5%; Primers:20.0%; Waterproofing:34.2%; Woodcare:64.0%; Accessories:30.3%; QD Enamel:16.3%; Floor & Roof Paints:20.3%; General:22.9%; Specialised Coatings:8.3%,-15.85,0.0
KO002,Omega Hardware And Supermarket,NP,Nikhil Panchal,67.3,growing,Active & Growing,🟢,2.0,2.34,1.83,58.5,5,0.83,12,41.7,10,10,"Accessories, Enamel, Floor & Roof Paints, General, PVA Paints, Primers, Putty, QD Enamel, Waterproofing, Woodcare",90.9,79.2,PVA Paints:7.4%; Enamel:12.0%; Floor & Roof Paints:14.9%; Putty:62.5%; Accessories:21.2%; Woodcare:24.0%; QD Enamel:4.8%; Primers:12.5%; Waterproofing:26.3%; General:12.5%,-0.26,48.7
KF020,Fast Build Hardware,NP,Nikhil Panchal,67.3,growing,Active & Growing,🟢,0.67,0.84,1.42,21.0,3,0.5,25,25.0,11,10,"Accessories, Enamel, Floor & Roof Paints, General, PVA Paints, Primers, Putty, QD Enamel, Waterproofing, Woodcare",94.5,100.0,PVA Paints:12.0%; Enamel:21.3%; Floor & Roof Paints:16.2%; Waterproofing:34.2%; Woodcare:72.0%; General:10.4%; Accessories:24.2%; QD Enamel:20.2%; Putty:25.0%; Primers:15.0%,12.27,100.0
KP018,Khotawala 786 Traders TA,AP,Amit Patel,66.8,growing,Active & Growing,🟢,1.0,1.0,1.42,25.0,5,0.83,12,41.7,10,10,"Accessories, Enamel, Floor & Roof Paints, General, PVA Paints, Primers, Putty, QD Enamel, Waterproofing, Woodcare",90.9,92.4,PVA Paints:2.6%; Enamel:17.5%; Primers:10.0%; Waterproofing:26.3%; Woodcare:48.0%; Putty:75.0%; General:22.9%; Accessories:24.2%; QD Enamel:1.9%; Floor & Roof Paints:2.7%,7.59,88.0
KB003,New Best Build Hardware,AP,Amit Patel,66.7,growing,Active & Growing,🟢,1.0,1.5,1.83,37.5,5,0.83,12,41.7,10,10,"Accessories, Enamel, Floor & Roof Paints, General, PVA Paints, Primers, Putty, QD Enamel, Waterproofing, Woodcare",90.9,76.5,Enamel:17.5%; Primers:5.0%; Woodcare:52.0%; Putty:62.5%; General:4.2%; Accessories:18.2%; QD Enamel:8.7%; Waterproofing:15.8%; Floor & Roof Paints:4.1%; PVA Paints:3.2%,6.46,82.3
KT019,Trendleaders Trading & Inv. CC,NP,Nikhil Panchal,66.5,growing,Active & Growing,🟢,1.34,2.0,2.17,50.0,0,0.0,24,0.0,10,9,"Accessories, Enamel, Floor & Roof Paints, PVA Paints, Primers, QD Enamel, Specialised Coatings, Waterproofing, Woodcare",85.5,89.1,Floor & Roof Paints:20.3%; PVA Paints:5.5%; Primers:22.5%; Woodcare:48.0%; Accessories:27.3%; QD Enamel:23.1%; Enamel:18.6%; Specialised Coatings:16.7%; Waterproofing:18.4%,20.01,100.0
KU008,Uzzi Hardware PTY LTD,BV,Bhadresh Vallabh,65.0,growing,Active & Growing,🟢,0.67,0.67,1.0,16.8,5,0.83,27,41.7,11,10,"Accessories, Enamel, Floor & Roof Paints, General, PVA Paints, Primers, QD Enamel, Specialised Coatings, Waterproofing, Woodcare",94.5,74.8,PVA Paints:3.6%; Enamel:10.9%; Floor & Roof Paints:12.2%; Waterproofing:18.4%; Woodcare:72.0%; Accessories:15.2%; QD Enamel:16.3%; Primers:5.0%; Specialised Coatings:16.7%; General:16.7%,29.21,100.0
KH021,Ebrahim Abramjee Traders CC,AC,Aboo Cassim,64.8,narrow,Active but Narrow,🟡,11.02,9.85,10.49,100.0,0,0.0,5,0.0,8,8,"Accessories, Floor & Roof Paints, PVA Paints, Primers, QD Enamel, Specialised Coatings, Waterproofing, Woodcare",72.7,65.8,Primers:17.5%; Waterproofing:26.3%; QD Enamel:49.0%; Accessories:3.0%; Floor & Roof Paints:23.0%; Specialised Coatings:8.3%; PVA Paints:0.6%; Woodcare:4.0%,0.84,54.2
KA090,A A Owaish Maize Depot Pty Ltd,AP,Amit Patel,64.6,narrow,Active but Narrow,🟡,2.0,2.17,1.75,54.2,4,0.67,12,33.3,10,10,"Accessories, Enamel, Floor & Roof Paints, General, PVA Paints, Primers, Putty, QD Enamel, Waterproofing, Woodcare",90.9,81.6,PVA Paints:3.6%; Enamel:14.2%; Waterproofing:31.6%; Woodcare:16.0%; Putty:75.0%; General:31.2%; Accessories:18.2%; QD Enamel:3.8%; Primers:5.0%; Floor & Roof Paints:5.4%,-1.31,43.5
KS029,Duro Build,BV,Bhadresh Vallabh,64.6,at_risk,At-Risk,🟠,2.67,3.34,3.58,83.5,0,0.0,27,0.0,11,11,"Accessories, Enamel, Floor & Roof Paints, General, PVA Paints, Primers, Putty, QD Enamel, Specialised Coatings, Waterproofing, Woodcare",100.0,91.5,Enamel:26.2%; Woodcare:68.0%; QD Enamel:18.3%; PVA Paints:5.2%; Primers:20.0%; Accessories:24.2%; Waterproofing:18.4%; General:6.2%; Specialised Coatings:25.0%; Floor & Roof Paints:2.7%; Putty:37.5%,-45.97,0.0
KD008,Dada's World of Hardware CC,BV,Bhadresh Vallabh,64.5,at_risk,At-Risk,🟠,4.01,5.68,6.0,100.0,0,0.0,5,0.0,9,9,"Accessories, Enamel, Floor & Roof Paints, General, PVA Paints, Primers, QD Enamel, Specialised Coatings, Woodcare",81.8,100.0,PVA Paints:12.0%; Enamel:32.8%; Floor & Roof Paints:23.0%; Woodcare:72.0%; General:31.2%; Primers:35.0%; QD Enamel:7.7%; Accessories:18.2%; Specialised Coatings:33.3%,-26.28,0.0
KE005,Easy Build Hardware,NP,Nikhil Panchal,64.3,at_risk,At-Risk,🟠,2.34,2.67,3.0,66.8,0,0.0,6,0.0,11,11,"Accessories, Enamel, Floor & Roof Paints, General, PVA Paints, Primers, Putty, QD Enamel, Specialised Coatings, Waterproofing, Woodcare",100.0,100.0,PVA Paints:25.2%; Primers:32.5%; Enamel:31.7%; Woodcare:72.0%; Floor & Roof Paints:16.2%; Putty:50.0%; QD Enamel:11.5%; Waterproofing:21.1%; Specialised Coatings:25.0%; General:39.6%; Accessories:6.1%,-6.53,17.4
KA050,Fountain Square Trading 129cc,AC,Aboo Cassim,64.2,narrow,Active but Narrow,🟡,2.0,2.0,1.83,50.0,4,0.67,34,33.3,7,6,"Accessories, Enamel, Floor & Roof Paints, PVA Paints, Waterproofing, Woodcare",58.2,94.9,Enamel:23.0%; Floor & Roof Paints:18.9%; PVA Paints:14.6%; Waterproofing:15.8%; Woodcare:64.0%; Accessories:6.1%,47.73,100.0
KB108,Boxer Hardware,NP,Nikhil Panchal,64.2,at_risk,At-Risk,🟠,2.67,3.51,3.08,87.8,0,0.0,12,0.0,10,10,"Accessories, Enamel, Floor & Roof Paints, General, PVA Paints, Primers, Putty, QD Enamel, Waterproofing, Woodcare",90.9,100.0,PVA Paints:6.8%; Enamel:18.6%; Floor & Roof Paints:20.3%; Waterproofing:31.6%; Woodcare:68.0%; Putty:75.0%; Accessories:24.2%; QD Enamel:15.4%; Primers:15.0%; General:18.8%,-27.29,0.0
KB071,Intshebe Props 216 Pty Ltd,NP,Nikhil Panchal,63.9,at_risk,At-Risk,🟠,3.67,3.17,3.5,79.2,0,0.0,3,0.0,11,11,"Accessories, Enamel, Floor & Roof Paints, General, PVA Paints, Primers, Putty, QD Enamel, Specialised Coatings, Waterproofing, Woodcare",100.0,94.0,General:35.4%; PVA Paints:10.0%; Enamel:20.8%; Waterproofing:28.9%; Woodcare:72.0%; Accessories:30.3%; QD Enamel:13.5%; Putty:25.0%; Primers:7.5%; Specialised Coatings:8.3%; Floor & Roof Paints:6.8%,-28.66,0.0
KS071,Nimeshkumar General Dealers,BV,Bhadresh Vallabh,63.6,narrow,Active but Narrow,🟡,1.0,1.34,1.58,33.5,5,0.83,4,41.7,10,10,"Accessories, Enamel, Floor & Roof Paints, General, PVA Paints, Primers, QD Enamel, Specialised Coatings, Waterproofing, Woodcare",90.9,91.6,PVA Paints:7.4%; Enamel:20.8%; Floor & Roof Paints:28.4%; Waterproofing:31.6%; Woodcare:56.0%; Accessories:33.3%; QD Enamel:17.3%; Primers:17.5%; Specialised Coatings:8.3%; General:8.3%,0.65,53.2
KM155,Mr Build LTT (PTY) LTD,NP,Nikhil Panchal,63.1,at_risk,At-Risk,🟠,2.34,1.84,2.67,46.0,5,0.83,3,41.7,11,11,"Accessories, Enamel, Floor & Roof Paints, General, PVA Paints, Primers, Putty, QD Enamel, Specialised Coatings, Waterproofing, Woodcare",100.0,100.0,Enamel:14.2%; Primers:17.5%; Waterproofing:39.5%; Woodcare:72.0%; Specialised Coatings:16.7%; Accessories:36.4%; QD Enamel:13.5%; PVA Paints:8.7%; Floor & Roof Paints:9.5%; Putty:37.5%; General:18.8%,-9.48,2.6
KA014,Ayob's Hardware,BV,Bhadresh Vallabh,62.5,narrow,Active but Narrow,🟡,2.0,1.5,1.33,37.5,0,0.0,12,0.0,9,9,"Accessories, Enamel, Floor & Roof Paints, General, Primers, Putty, QD Enamel, Specialised Coatings, Woodcare",81.8,90.8,Primers:27.5%; Enamel:14.8%; Woodcare:32.0%; Putty:37.5%; General:18.8%; Accessories:15.2%; QD Enamel:10.6%; Floor & Roof Paints:23.0%; Specialised Coatings:25.0%,51.02,100.0
KS017,Femac Hyper CC ta Spaza Hyper,NP,Nikhil Panchal,62.5,at_risk,At-Risk,🟠,1.67,2.34,2.17,58.5,0,0.0,56,0.0,11,11,"Accessories, Enamel, Floor & Roof Paints, General, PVA Paints, Primers, Putty, QD Enamel, Specialised Coatings, Waterproofing, Woodcare",100.0,100.0,PVA Paints:12.9%; Enamel:26.8%; Primers:22.5%; Waterproofing:31.6%; Woodcare:80.0%; Accessories:24.2%; QD Enamel:13.5%; Putty:37.5%; Floor & Roof Paints:17.6%; Specialised Coatings:8.3%; General:4.2%,-6.22,18.9
KP002,Power Hardware,AP,Amit Patel,62.4,narrow,Active but Narrow,🟡,1.0,1.5,2.08,37.5,4,0.67,34,33.3,10,10,"Accessories, Enamel, Floor & Roof Paints, General, PVA Paints, Primers, Putty, QD Enamel, Waterproofing, Woodcare",90.9,100.0,PVA Paints:9.1%; Enamel:19.1%; Primers:10.0%; Putty:62.5%; Accessories:12.1%; QD Enamel:11.5%; Woodcare:84.0%; Waterproofing:15.8%; Floor & Roof Paints:6.8%; General:27.1%,-2.26,38.7
KM007,Marshall Hardware & Furniture,AC,Aboo Cassim,62.2,narrow,Active but Narrow,🟡,0.67,0.67,0.67,16.8,7,1.17,33,58.3,8,8,"Accessories, Enamel, Floor & Roof Paints, General, PVA Paints, Primers, Specialised Coatings, Woodcare",72.7,83.3,PVA Paints:0.3%; Enamel:26.2%; Woodcare:68.0%; Specialised Coatings:16.7%; Floor & Roof Paints:32.4%; General:12.5%; Accessories:3.0%; Primers:7.5%,22.19,100.0
KP058,Paint Max,AC,Aboo Cassim,62.1,narrow,Active but Narrow,🟡,1.0,0.84,1.0,21.0,11,1.83,31,91.7,6,4,"Enamel, PVA Paints, Putty, Woodcare",43.6,100.0,PVA Paints:12.0%; Enamel:25.7%; Woodcare:60.0%; Putty:12.5%,18.54,100.0
KS061,SAFARI HARDWARE,AP,Amit Patel,62.0,narrow,Active but Narrow,🟡,1.0,1.0,1.17,25.0,8,1.33,7,66.7,9,9,"Accessories, Enamel, Floor & Roof Paints, General, Primers, Putty, QD Enamel, Waterproofing, Woodcare",81.8,68.9,Enamel:9.8%; Putty:75.0%; General:4.2%; Accessories:18.2%; Woodcare:28.0%; QD Enamel:2.9%; Primers:5.0%; Floor & Roof Paints:1.4%; Waterproofing:10.5%,4.44,72.2
KI010,I.Build Hardware,NP,Nikhil Panchal,61.8,at_risk,At-Risk,🟠,5.68,6.68,6.58,100.0,0,0.0,33,0.0,8,8,"Enamel, Floor & Roof Paints, General, PVA Paints, Primers, QD Enamel, Specialised Coatings, Woodcare",72.7,100.0,PVA Paints:13.9%; Enamel:32.8%; Woodcare:80.0%; QD Enamel:13.5%; Primers:20.0%; Specialised Coatings:41.7%; General:25.0%; Floor & Roof Paints:31.1%,-28.41,0.0
KV002,Vereeniging Builders Supplies,AC,Aboo Cassim,61.7,at_risk,At-Risk,🟠,2.67,2.51,2.5,62.7,7,1.17,4,58.3,11,10,"Accessories, Enamel, Floor & Roof Paints, General, PVA Paints, Primers, QD Enamel, Specialised Coatings, Waterproofing, Woodcare",94.5,59.7,PVA Paints:1.3%; Primers:10.0%; Enamel:15.8%; Woodcare:52.0%; QD Enamel:7.7%; Specialised Coatings:25.0%; Floor & Roof Paints:12.2%; Waterproofing:7.9%; General:8.3%; Accessories:9.1%,-10.23,0.0
KE035,Easytile & Sanware,NP,Nikhil Panchal,61.5,narrow,Active but Narrow,🟡,1.67,1.84,1.58,46.0,0,0.0,12,0.0,9,9,"Accessories, Enamel, General, PVA Paints, Primers, Putty, QD Enamel, Waterproofing, Woodcare",81.8,69.7,PVA Paints:14.6%; Enamel:18.6%; Woodcare:32.0%; Putty:37.5%; QD Enamel:9.6%; Waterproofing:21.1%; Accessories:3.0%; General:10.4%; Primers:10.0%,19.36,100.0
KM035,Mikes Hardware,BV,Bhadresh Vallabh,61.3,narrow,Active but Narrow,🟡,0.33,1.34,1.67,33.5,4,0.67,33,33.3,9,9,"Accessories, Enamel, Floor & Roof Paints, PVA Paints, Primers, QD Enamel, Specialised Coatings, Waterproofing, Woodcare",81.8,56.0,Enamel:22.4%; Primers:7.5%; Woodcare:48.0%; QD Enamel:16.3%; Floor & Roof Paints:1.4%; Waterproofing:10.5%; Accessories:3.0%; Specialised Coatings:16.7%; PVA Paints:0.3%,17.94,100.0
KM004,MAGEZI HW WHOLESALE VILLAGE,AP,Amit Patel,61.3,narrow,Active but Narrow,🟡,1.0,1.84,1.58,46.0,4,0.67,12,33.3,8,8,"Accessories, Enamel, Floor & Roof Paints, General, PVA Paints, Primers, QD Enamel, Woodcare",72.7,74.0,Enamel:28.4%; Primers:12.5%; Woodcare:48.0%; Accessories:15.2%; PVA Paints:1.9%; QD Enamel:29.8%; General:4.2%; Floor & Roof Paints:8.1%,5.86,79.3
KM079,Mohamedys Hardware,BV,Bhadresh Vallabh,61.0,narrow,Active but Narrow,🟡,1.67,1.34,1.25,33.5,4,0.67,5,33.3,11,8,"Accessories, Enamel, Floor & Roof Paints, General, PVA Paints, Primers, Putty, Woodcare",83.6,50.5,Primers:5.0%; Woodcare:56.0%; Accessories:6.1%; PVA Paints:4.2%; Putty:25.0%; Floor & Roof Paints:1.4%; Enamel:1.1%; General:2.1%,29.1,100.0
KL020,Light Centre,AP,Amit Patel,60.8,narrow,Active but Narrow,🟡,0.67,0.67,0.67,16.8,0,0.0,7,0.0,10,10,"Accessories, Enamel, Floor & Roof Paints, General, PVA Paints, Primers, Putty, QD Enamel, Waterproofing, Woodcare",90.9,95.7,Enamel:14.2%; Woodcare:56.0%; Putty:75.0%; General:20.8%; Accessories:30.3%; PVA Paints:1.9%; QD Enamel:2.9%; Waterproofing:26.3%; Floor & Roof Paints:6.8%; Primers:5.0%,13.52,100.0
KD003,Del Piero Trading CC,NP,Nikhil Panchal,60.6,at_risk,At-Risk,🟠,2.67,3.01,3.58,75.2,0,0.0,5,0.0,11,11,"Accessories, Enamel, Floor & Roof Paints, General, PVA Paints, Primers, Putty, QD Enamel, Specialised Coatings, Waterproofing, Woodcare",100.0,69.4,Primers:10.0%; Woodcare:36.0%; General:6.2%; Accessories:12.1%; QD Enamel:21.2%; PVA Paints:1.6%; Waterproofing:28.9%; Specialised Coatings:8.3%; Enamel:16.9%; Putty:37.5%; Floor & Roof Paints:12.2%,-8.09,9.5
KB032,Bonanza Plumbing & Electrical,AP,Amit Patel,60.5,narrow,Active but Narrow,🟡,0.67,0.5,0.5,12.5,0,0.0,61,0.0,11,11,"Accessories, Enamel, Floor & Roof Paints, General, PVA Paints, Primers, Putty, QD Enamel, Specialised Coatings, Waterproofing, Woodcare",100.0,82.8,PVA Paints:5.5%; Enamel:23.5%; Floor & Roof Paints:20.3%; Primers:7.5%; Waterproofing:34.2%; Woodcare:76.0%; Putty:12.5%; General:18.8%; Accessories:18.2%; QD Enamel:2.9%; Specialised Coatings:8.3%,56.12,100.0
KN034,Nu Shop hardware,AC,Aboo Cassim,60.4,at_risk,At-Risk,🟠,1.0,1.5,1.0,37.5,7,1.17,47,58.3,10,10,"Accessories, Enamel, Floor & Roof Paints, General, PVA Paints, Primers, Putty, QD Enamel, Specialised Coatings, Woodcare",90.9,100.0,PVA Paints:31.7%; Primers:30.0%; Enamel:30.6%; Floor & Roof Paints:31.1%; Woodcare:84.0%; Putty:37.5%; General:33.3%; Accessories:18.2%; QD Enamel:1.9%; Specialised Coatings:50.0%,-11.4,0.0
KV005,Valencia Hardware,BV,Bhadresh Vallabh,59.9,narrow,Active but Narrow,🟡,0.67,0.84,0.75,21.0,5,0.83,3,41.7,10,10,"Accessories, Enamel, Floor & Roof Paints, General, PVA Paints, Primers, Putty, QD Enamel, Waterproofing, Woodcare",90.9,59.4,Primers:5.0%; Woodcare:40.0%; Putty:50.0%; General:10.4%; Accessories:15.2%; QD Enamel:5.8%; Enamel:1.6%; Floor & Roof Paints:4.1%; Waterproofing:15.8%; PVA Paints:0.6%,6.34,81.7
KH018,Help U Build (Pty) Ltd,AC,Aboo Cassim,59.8,narrow,Active but Narrow,🟡,1.34,1.34,1.25,33.5,0,0.0,47,0.0,11,9,"Accessories, Enamel, General, Primers, Putty, QD Enamel, Specialised Coatings, Waterproofing, Woodcare",89.1,64.9,QD Enamel:9.6%; Waterproofing:7.9%; Putty:37.5%; Primers:15.0%; Accessories:18.2%; General:22.9%; Enamel:2.2%; Specialised Coatings:16.7%; Woodcare:16.0%,71.58,100.0
KA095,Sure Build,NP,Nikhil Panchal,59.0,narrow,Active but Narrow,🟡,2.0,2.0,1.83,50.0,0,0.0,12,0.0,10,9,"Accessories, Enamel, General, PVA Paints, Primers, Putty, QD Enamel, Waterproofing, Woodcare",85.5,80.1,Enamel:12.0%; Putty:37.5%; General:14.6%; QD Enamel:3.8%; Accessories:21.2%; Waterproofing:26.3%; PVA Paints:1.3%; Primers:7.5%; Woodcare:56.0%,1.75,58.8
KM120,Mr Build Pty Ltd,BV,Bhadresh Vallabh,58.8,at_risk,At-Risk,🟠,1.0,1.0,1.5,25.0,14,2.33,19,100.0,10,9,"Accessories, Enamel, General, PVA Paints, Primers, QD Enamel, Specialised Coatings, Waterproofing, Woodcare",85.5,79.3,PVA Paints:4.2%; Enamel:14.8%; Woodcare:56.0%; General:16.7%; Accessories:24.2%; QD Enamel:4.8%; Primers:10.0%; Waterproofing:39.5%; Specialised Coatings:8.3%,-48.55,0.0
KM046,Motala Building Supply,BV,Bhadresh Vallabh,58.7,at_risk,At-Risk,🟠,2.34,2.34,2.17,58.5,5,0.83,5,41.7,11,10,"Accessories, Enamel, Floor & Roof Paints, General, PVA Paints, Primers, QD Enamel, Specialised Coatings, Waterproofing, Woodcare",94.5,63.4,PVA Paints:4.5%; Enamel:17.5%; Floor & Roof Paints:5.4%; Primers:10.0%; Waterproofing:23.7%; Woodcare:48.0%; General:10.4%; QD Enamel:16.3%; Accessories:6.1%; Specialised Coatings:16.7%,-26.94,0.0
KM078,Mavambe Hardware,NP,Nikhil Panchal,58.3,at_risk,At-Risk,🟠,0.67,1.17,1.0,29.2,6,1.0,25,50.0,11,9,"Accessories, Enamel, General, PVA Paints, Primers, Putty, QD Enamel, Waterproofing, Woodcare",89.1,98.5,PVA Paints:5.5%; Enamel:17.5%; Waterproofing:28.9%; Woodcare:52.0%; General:27.1%; Accessories:27.3%; QD Enamel:5.8%; Putty:50.0%; Primers:7.5%,-7.32,13.4
KS127,Auto Paint Centre Westonarea,AC,Aboo Cassim,58.1,narrow,Active but Narrow,🟡,2.34,1.84,2.25,46.0,16,2.67,3,100.0,6,6,"Accessories, Enamel, Floor & Roof Paints, General, PVA Paints, Waterproofing",54.5,43.1,PVA Paints:6.5%; Enamel:24.6%; Floor & Roof Paints:14.9%; Waterproofing:10.5%; General:2.1%; Accessories:6.1%,1.76,58.8
KB013,New Bafana Bafana H Ware,AP,Amit Patel,58.0,at_risk,At-Risk,🟠,1.34,1.0,0.92,25.0,10,1.67,27,83.3,9,9,"Accessories, Enamel, Floor & Roof Paints, General, Primers, Putty, QD Enamel, Waterproofing, Woodcare",81.8,75.6,QD Enamel:9.6%; Primers:5.0%; Woodcare:60.0%; Accessories:18.2%; Enamel:10.4%; General:4.2%; Floor & Roof Paints:4.1%; Waterproofing:21.1%; Putty:37.5%,-5.56,22.2
KR034,Jeelani Investment TA Matanda,AP,Amit Patel,58.0,narrow,Active but Narrow,🟡,1.34,1.67,1.5,41.8,0,0.0,25,0.0,9,8,"Accessories, Enamel, General, PVA Paints, Primers, QD Enamel, Waterproofing, Woodcare",76.4,66.3,PVA Paints:3.9%; Enamel:18.0%; Accessories:15.2%; QD Enamel:6.7%; General:4.2%; Waterproofing:31.6%; Woodcare:48.0%; Primers:5.0%,9.65,98.2
KS050,Sheffield Paints & Hardware,AC,Aboo Cassim,57.7,narrow,Active but Narrow,🟡,2.0,2.17,2.75,54.2,4,0.67,39,33.3,8,6,"Accessories, Enamel, Floor & Roof Paints, PVA Paints, Waterproofing, Woodcare",61.8,38.3,PVA Paints:6.1%; Enamel:9.3%; Woodcare:28.0%; Floor & Roof Paints:2.7%; Waterproofing:5.3%; Accessories:6.1%,9.78,98.9
KA054,Al Soud Traders,AP,Amit Patel,57.4,narrow,Active but Narrow,🟡,0.67,0.84,0.83,21.0,0,0.0,28,0.0,10,10,"Accessories, Enamel, Floor & Roof Paints, General, PVA Paints, Primers, Putty, QD Enamel, Waterproofing, Woodcare",90.9,65.8,PVA Paints:7.4%; Enamel:13.7%; Accessories:12.1%; Putty:25.0%; Floor & Roof Paints:5.4%; Waterproofing:28.9%; General:4.2%; Woodcare:56.0%; QD Enamel:6.7%; Primers:5.0%,15.59,100.0
KL004,World Focus 1932 CC,AP,Amit Patel,57.4,at_risk,At-Risk,🟠,2.34,2.51,2.58,62.7,0,0.0,7,0.0,11,11,"Accessories, Enamel, Floor & Roof Paints, General, PVA Paints, Primers, Putty, QD Enamel, Specialised Coatings, Waterproofing, Woodcare",100.0,78.3,PVA Paints:3.9%; Enamel:15.8%; Waterproofing:23.7%; Woodcare:36.0%; Putty:50.0%; General:12.5%; Accessories:30.3%; QD Enamel:8.7%; Primers:10.0%; Specialised Coatings:8.3%; Floor & Roof Paints:16.2%,-14.2,0.0
KE008,Easy Build,NP,Nikhil Panchal,57.3,narrow,Active but Narrow,🟡,1.67,2.0,1.83,50.0,0,0.0,5,0.0,9,9,"Enamel, Floor & Roof Paints, General, PVA Paints, Primers, Putty, QD Enamel, Specialised Coatings, Woodcare",81.8,100.0,Primers:30.0%; Enamel:21.3%; Woodcare:84.0%; Putty:37.5%; QD Enamel:17.3%; PVA Paints:7.8%; Specialised Coatings:41.7%; Floor & Roof Paints:14.9%; General:22.9%,-3.0,35.0
KI015,Iskcon Steel,NP,Nikhil Panchal,57.2,narrow,Active but Narrow,🟡,3.67,3.67,3.33,91.8,5,0.83,3,41.7,4,4,"Accessories, Enamel, Primers, QD Enamel",36.4,60.8,QD Enamel:26.0%; Primers:17.5%; Accessories:9.1%; Enamel:8.2%,0.59,53.0
KS045,Siloam Hardware,AP,Amit Patel,57.0,narrow,Active but Narrow,🟡,1.34,1.17,1.33,29.2,4,0.67,25,33.3,9,8,"Accessories, Enamel, General, PVA Paints, Primers, QD Enamel, Waterproofing, Woodcare",76.4,45.2,Accessories:12.1%; Enamel:12.6%; Primers:10.0%; QD Enamel:9.6%; PVA Paints:0.3%; Woodcare:16.0%; Waterproofing:13.2%; General:16.7%,24.84,100.0
KF028,Fayaz and Brother 891 Pty Ltd,AP,Amit Patel,56.8,narrow,Active but Narrow,🟡,1.67,1.84,1.58,46.0,0,0.0,7,0.0,10,10,"Accessories, Enamel, Floor & Roof Paints, General, PVA Paints, Primers, QD Enamel, Specialised Coatings, Waterproofing, Woodcare",90.9,63.4,Accessories:24.2%; QD Enamel:14.4%; Enamel:12.0%; Floor & Roof Paints:2.7%; Woodcare:32.0%; PVA Paints:0.6%; Specialised Coatings:33.3%; General:8.3%; Primers:10.0%; Waterproofing:21.1%,1.34,56.7
KB098,Bismillah Hardware,AC,Aboo Cassim,56.8,at_risk,At-Risk,🟠,1.0,1.17,0.92,29.2,8,1.33,18,66.7,9,9,"Accessories, Enamel, General, PVA Paints, Primers, Putty, QD Enamel, Waterproofing, Woodcare",81.8,100.0,PVA Paints:28.8%; Enamel:20.2%; Primers:2.5%; Waterproofing:21.1%; Woodcare:80.0%; Putty:37.5%; General:31.2%; QD Enamel:6.7%; Accessories:9.1%,-28.73,0.0
KM012,Hardware City,BV,Bhadresh Vallabh,56.7,at_risk,At-Risk,🟠,0.33,0.33,0.5,8.2,14,2.33,4,100.0,6,6,"Enamel, General, PVA Paints, Primers, QD Enamel, Woodcare",54.5,55.1,Enamel:15.8%; Primers:15.0%; QD Enamel:29.8%; Woodcare:12.0%; PVA Paints:3.9%; General:6.2%,138.79,100.0
KA096,Alston Trading t/a Vhembe H/W,NP,Nikhil Panchal,56.2,narrow,Active but Narrow,🟡,0.67,0.67,0.83,16.8,21,3.5,49,100.0,7,6,"Accessories, Enamel, General, Primers, QD Enamel, Woodcare",58.2,51.6,Primers:5.0%; Woodcare:52.0%; General:6.2%; Accessories:12.1%; Enamel:1.1%; QD Enamel:1.0%,5.67,78.4
KB002,Bright Build,BV,Bhadresh Vallabh,56.2,narrow,Active but Narrow,🟡,1.34,0.84,1.25,21.0,0,0.0,27,0.0,10,10,"Accessories, Enamel, Floor & Roof Paints, General, PVA Paints, Primers, Putty, QD Enamel, Waterproofing, Woodcare",90.9,86.8,Enamel:16.9%; Floor & Roof Paints:5.4%; Primers:7.5%; Woodcare:24.0%; Putty:75.0%; Accessories:33.3%; QD Enamel:18.3%; PVA Paints:6.1%; Waterproofing:26.3%; General:4.2%,4.28,71.4
KJ038,Jamwaria & Son's T/A Alm Spare,NP,Nikhil Panchal,56.1,at_risk,At-Risk,🟠,0.33,0.17,0.08,4.2,2,0.33,46,16.7,11,11,"Accessories, Enamel, Floor & Roof Paints, General, PVA Paints, Primers, Putty, QD Enamel, Specialised Coatings, Waterproofing, Woodcare",100.0,100.0,PVA Paints:7.1%; Primers:27.5%; Enamel:19.1%; Floor & Roof Paints:24.3%; Waterproofing:34.2%; Woodcare:84.0%; Specialised Coatings:16.7%; Putty:62.5%; General:10.4%; Accessories:24.2%; QD Enamel:16.3%,0.0,50.0
KQ008,Silver Solution TA QUICK SAVE,NP,Nikhil Panchal,55.5,at_risk,At-Risk,🟠,1.0,0.84,1.0,21.0,5,0.83,12,41.7,10,10,"Accessories, Enamel, Floor & Roof Paints, General, PVA Paints, Primers, Putty, QD Enamel, Waterproofing, Woodcare",90.9,90.7,PVA Paints:4.5%; Enamel:15.3%; Waterproofing:31.6%; Woodcare:72.0%; Primers:12.5%; Putty:37.5%; General:18.8%; Accessories:18.2%; QD Enamel:9.6%; Floor & Roof Paints:6.8%,-5.87,20.7
KN011,Discount  HW TA Best Build,BV,Bhadresh Vallabh,55.5,narrow,Active but Narrow,🟡,0.67,0.84,0.92,21.0,5,0.83,48,41.7,9,8,"Accessories, Enamel, General, PVA Paints, Primers, Putty, QD Enamel, Woodcare",76.4,57.4,PVA Paints:6.1%; Enamel:12.0%; Putty:62.5%; General:10.4%; Woodcare:12.0%; QD Enamel:3.8%; Accessories:3.0%; Primers:5.0%,6.57,82.9
KB038,Bob's Hardware C.C.,AC,Aboo Cassim,55.5,narrow,Active but Narrow,🟡,0.33,1.84,1.83,46.0,0,0.0,47,0.0,10,10,"Accessories, Enamel, Floor & Roof Paints, General, PVA Paints, Primers, QD Enamel, Specialised Coatings, Waterproofing, Woodcare",90.9,77.4,PVA Paints:16.2%; Primers:25.0%; Enamel:26.2%; Floor & Roof Paints:18.9%; Woodcare:40.0%; General:22.9%; Waterproofing:5.3%; Specialised Coatings:25.0%; QD Enamel:4.8%; Accessories:9.1%,-3.16,34.2
KT002,Thohoyandou Hardware,NP,Nikhil Panchal,55.4,narrow,Active but Narrow,🟡,0.33,0.5,0.75,12.5,3,0.5,70,25.0,7,7,"Enamel, General, Primers, Putty, QD Enamel, Specialised Coatings, Woodcare",63.6,96.2,Enamel:15.8%; Woodcare:60.0%; Putty:37.5%; General:8.3%; QD Enamel:6.7%; Primers:15.0%; Specialised Coatings:25.0%,20.86,100.0
KH035,HGM Steelboys CC,BV,Bhadresh Vallabh,55.4,narrow,Active but Narrow,🟡,3.67,2.84,4.0,71.0,0,0.0,13,0.0,7,7,"Accessories, Enamel, General, PVA Paints, Primers, QD Enamel, Woodcare",63.6,23.5,Enamel:3.8%; Woodcare:4.0%; PVA Paints:1.9%; General:4.2%; Primers:12.5%; Accessories:6.1%; QD Enamel:8.7%,23.48,100.0
KS022,Super Blue Supermarket,BV,Bhadresh Vallabh,55.3,narrow,Active but Narrow,🟡,0.33,0.5,0.67,12.5,0,0.0,40,0.0,9,9,"Accessories, Enamel, Floor & Roof Paints, General, PVA Paints, Primers, QD Enamel, Waterproofing, Woodcare",81.8,84.0,PVA Paints:7.1%; Enamel:16.4%; Floor & Roof Paints:16.2%; Primers:5.0%; Woodcare:56.0%; General:31.2%; Accessories:30.3%; QD Enamel:5.8%; Waterproofing:21.1%,10.87,100.0
KP025,Platinum Auto Paints,AC,Aboo Cassim,55.0,narrow,Active but Narrow,🟡,2.67,2.84,3.25,71.0,0,0.0,18,0.0,5,5,"Accessories, Enamel, Floor & Roof Paints, PVA Paints, Waterproofing",45.5,57.6,Enamel:25.1%; PVA Paints:17.2%; Waterproofing:13.2%; Accessories:3.0%; Floor & Roof Paints:13.5%,23.78,100.0
KT036,Tshino Hardware,AP,Amit Patel,55.0,narrow,Active but Narrow,🟡,1.0,0.84,0.58,21.0,4,0.67,49,33.3,9,8,"Accessories, Enamel, General, PVA Paints, Primers, QD Enamel, Waterproofing, Woodcare",76.4,45.9,Primers:10.0%; Enamel:8.2%; Waterproofing:10.5%; Woodcare:28.0%; PVA Paints:1.6%; General:14.6%; QD Enamel:3.8%; Accessories:15.2%,87.78,100.0
KK006,Pir and Sons Trd (Kalamazoo),BV,Bhadresh Vallabh,55.0,narrow,Active but Narrow,🟡,0.67,0.67,1.42,16.8,5,0.83,27,41.7,9,9,"Accessories, Enamel, Floor & Roof Paints, General, PVA Paints, Primers, QD Enamel, Waterproofing, Woodcare",81.8,91.5,PVA Paints:4.9%; Enamel:19.7%; Floor & Roof Paints:17.6%; Primers:17.5%; Waterproofing:28.9%; Woodcare:68.0%; Accessories:21.2%; QD Enamel:13.5%; General:14.6%,-1.56,42.2
KH049,Home Build Hardware,NP,Nikhil Panchal,54.8,narrow,Active but Narrow,🟡,0.67,0.5,0.42,12.5,3,0.5,25,25.0,10,10,"Accessories, Enamel, Floor & Roof Paints, General, PVA Paints, Primers, Putty, QD Enamel, Waterproofing, Woodcare",90.9,65.5,PVA Paints:2.6%; Floor & Roof Paints:9.5%; General:8.3%; Accessories:15.2%; Enamel:6.0%; Waterproofing:28.9%; Woodcare:44.0%; Putty:37.5%; QD Enamel:6.7%; Primers:5.0%,4.42,72.1
KL022,Lucky Save Hardware,AP,Amit Patel,54.7,at_risk,At-Risk,🟠,1.67,1.17,1.67,29.2,4,0.67,7,33.3,10,10,"Accessories, Enamel, Floor & Roof Paints, General, PVA Paints, Primers, Putty, QD Enamel, Waterproofing, Woodcare",90.9,97.6,Enamel:23.0%; Floor & Roof Paints:14.9%; Woodcare:56.0%; Putty:50.0%; Accessories:30.3%; PVA Paints:6.1%; Primers:10.0%; Waterproofing:26.3%; General:18.8%; QD Enamel:8.7%,-9.32,3.4
KP061,Paint Mart Moe (Lenasia),AC,Aboo Cassim,54.5,dormant,Dead / Dormant,🔴,0.0,0.5,3.41,12.5,7,1.17,175,38.3,10,10,"Accessories, Enamel, Floor & Roof Paints, General, PVA Paints, Primers, Putty, Specialised Coatings, Waterproofing, Woodcare",90.9,72.3,Enamel:15.3%; PVA Paints:21.0%; Floor & Roof Paints:27.0%; Primers:5.0%; Accessories:27.3%; Putty:12.5%; Specialised Coatings:8.3%; Woodcare:24.0%; General:27.1%; Waterproofing:13.2%,0.0,50.0
KR018,Sonu Supermarket (Raj),BV,Bhadresh Vallabh,54.4,at_risk,At-Risk,🟠,1.34,1.0,1.25,25.0,6,1.0,4,50.0,10,10,"Accessories, Enamel, Floor & Roof Paints, General, PVA Paints, Primers, QD Enamel, Specialised Coatings, Waterproofing, Woodcare",90.9,89.3,PVA Paints:8.1%; Enamel:16.9%; Floor & Roof Paints:20.3%; Waterproofing:28.9%; Woodcare:76.0%; General:10.4%; Accessories:24.2%; QD Enamel:6.7%; Primers:15.0%; Specialised Coatings:16.7%,-13.43,0.0
KS125,Olympic Staff,1,1,54.4,at_risk,At-Risk,🟠,4.68,6.01,4.91,100.0,0,0.0,6,0.0,9,9,"Accessories, Enamel, Floor & Roof Paints, PVA Paints, Primers, QD Enamel, Specialised Coatings, Waterproofing, Woodcare",81.8,32.2,PVA Paints:5.5%; Accessories:18.2%; Woodcare:12.0%; Floor & Roof Paints:9.5%; Waterproofing:7.9%; Primers:2.5%; QD Enamel:5.8%; Enamel:2.7%; Specialised Coatings:8.3%,-44.58,0.0
KN014,Norman Building Material,AC,Aboo Cassim,54.2,narrow,Active but Narrow,🟡,1.67,1.34,1.25,33.5,7,1.17,19,58.3,3,3,"Accessories, General, Putty",27.3,92.5,General:16.7%; Accessories:15.2%; Putty:37.5%,31.19,100.0
KT034,TFS Hardware ( Qwa Qwa),NP,Nikhil Panchal,54.1,narrow,Active but Narrow,🟡,0.67,1.17,1.0,29.2,6,1.0,4,50.0,8,8,"Accessories, Enamel, Floor & Roof Paints, PVA Paints, Primers, QD Enamel, Waterproofing, Woodcare",72.7,70.2,PVA Paints:2.6%; Enamel:13.7%; Primers:15.0%; Waterproofing:36.8%; Woodcare:52.0%; QD Enamel:11.5%; Accessories:6.1%; Floor & Roof Paints:2.7%,-0.77,46.1
KB064,Builders Hyper C.C.,AC,Aboo Cassim,54.1,at_risk,At-Risk,🟠,2.34,2.67,2.5,66.8,0,0.0,7,0.0,9,9,"Enamel, Floor & Roof Paints, General, PVA Paints, Primers, Putty, QD Enamel, Specialised Coatings, Woodcare",81.8,86.0,PVA Paints:6.1%; Enamel:16.4%; Primers:25.0%; Woodcare:48.0%; Specialised Coatings:16.7%; Floor & Roof Paints:6.8%; Putty:37.5%; General:31.2%; QD Enamel:5.8%,-10.92,0.0
KW011,Hassims Supply Store,BV,Bhadresh Vallabh,53.9,at_risk,At-Risk,🟠,3.67,3.17,3.66,79.2,0,0.0,24,0.0,7,7,"Enamel, Floor & Roof Paints, General, Primers, Putty, Specialised Coatings, Woodcare",63.6,100.0,Enamel:37.2%; General:27.1%; Specialised Coatings:16.7%; Primers:17.5%; Woodcare:40.0%; Putty:37.5%; Floor & Roof Paints:8.1%,-53.65,0.0
KB011,Brits Hardware & Glass,BV,Bhadresh Vallabh,53.9,narrow,Active but Narrow,🟡,1.0,2.51,3.83,62.7,0,0.0,42,0.0,5,5,"Enamel, Floor & Roof Paints, PVA Paints, QD Enamel, Woodcare",45.5,63.5,Enamel:16.4%; Woodcare:48.0%; PVA Paints:5.8%; QD Enamel:3.8%; Floor & Roof Paints:5.4%,32.88,100.0
KA038,Ace Hardware & Furniture,AP,Amit Patel,53.7,at_risk,At-Risk,🟠,2.67,2.34,2.58,58.5,0,0.0,7,0.0,10,10,"Accessories, Enamel, Floor & Roof Paints, General, PVA Paints, Primers, Putty, QD Enamel, Waterproofing, Woodcare",90.9,78.4,Enamel:13.1%; Primers:10.0%; Waterproofing:36.8%; Woodcare:32.0%; Accessories:15.2%; PVA Paints:4.9%; Putty:50.0%; General:18.8%; Floor & Roof Paints:12.2%; QD Enamel:2.9%,-20.09,0.0
KK028,Kgapane Hardware Pty Ltd,BV,Bhadresh Vallabh,53.6,at_risk,At-Risk,🟠,1.34,1.5,1.42,37.5,0,0.0,5,0.0,11,11,"Accessories, Enamel, Floor & Roof Paints, General, PVA Paints, Primers, Putty, QD Enamel, Specialised Coatings, Waterproofing, Woodcare",100.0,95.1,Primers:10.0%; Enamel:25.1%; Floor & Roof Paints:31.1%; Woodcare:80.0%; Specialised Coatings:8.3%; Waterproofing:34.2%; Putty:37.5%; General:27.1%; PVA Paints:3.2%; QD Enamel:1.9%; Accessories:3.0%,-16.7,0.0
KE023,Easy Build Hardware Jubilee,NP,Nikhil Panchal,53.2,narrow,Active but Narrow,🟡,1.34,1.5,2.0,37.5,0,0.0,5,0.0,9,8,"Enamel, General, PVA Paints, Primers, Putty, QD Enamel, Specialised Coatings, Woodcare",76.4,88.7,PVA Paints:19.7%; Enamel:19.1%; Primers:10.0%; Woodcare:52.0%; Specialised Coatings:16.7%; Putty:25.0%; QD Enamel:7.7%; General:27.1%,0.08,50.4
KL028,Ilanga Hardware,AC,Aboo Cassim,53.1,narrow,Active but Narrow,🟡,1.34,1.34,1.33,33.5,0,0.0,18,0.0,6,5,"Enamel, PVA Paints, Putty, Specialised Coatings, Woodcare",49.1,100.0,Enamel:22.4%; Woodcare:44.0%; Putty:50.0%; PVA Paints:0.6%; Specialised Coatings:8.3%,16.77,100.0
KH008,Honest Electrical & Plumbing,NP,Nikhil Panchal,53.1,narrow,Active but Narrow,🟡,0.67,0.84,1.17,21.0,0,0.0,54,0.0,9,8,"Accessories, Enamel, General, Primers, Putty, QD Enamel, Waterproofing, Woodcare",76.4,66.2,Enamel:12.6%; Woodcare:32.0%; General:10.4%; Accessories:18.2%; QD Enamel:8.7%; Putty:37.5%; Waterproofing:7.9%; Primers:5.0%,29.65,100.0
KM159,MTS Hardware,AC,Aboo Cassim,53.0,at_risk,At-Risk,🟠,1.0,1.17,1.25,29.2,6,1.0,21,50.0,8,7,"Enamel, Floor & Roof Paints, General, PVA Paints, Primers, Specialised Coatings, Woodcare",67.3,99.0,Primers:10.0%; Enamel:21.3%; Floor & Roof Paints:20.3%; Woodcare:84.0%; Specialised Coatings:33.3%; PVA Paints:2.3%; General:2.1%,-5.75,21.2
KK016,Faiz Hardware (Pty) Ltd,BV,Bhadresh Vallabh,52.8,narrow,Active but Narrow,🟡,1.0,1.0,1.33,25.0,0,0.0,20,0.0,10,10,"Accessories, Enamel, Floor & Roof Paints, General, PVA Paints, Primers, Putty, QD Enamel, Waterproofing, Woodcare",90.9,63.8,Enamel:7.7%; Waterproofing:21.1%; Woodcare:56.0%; PVA Paints:2.9%; Accessories:18.2%; QD Enamel:8.7%; Primers:12.5%; Floor & Roof Paints:9.5%; General:10.4%; Putty:12.5%,2.88,64.4
KF035,Fix It Hardware,NP,Nikhil Panchal,52.6,dormant,Dead / Dormant,🔴,0.0,0.17,0.08,4.2,5,0.83,146,21.7,10,10,"Accessories, Enamel, Floor & Roof Paints, General, PVA Paints, Primers, Putty, QD Enamel, Waterproofing, Woodcare",90.9,90.0,PVA Paints:2.9%; Enamel:18.0%; Floor & Roof Paints:9.5%; Primers:10.0%; Waterproofing:31.6%; Woodcare:72.0%; Putty:25.0%; General:31.2%; Accessories:18.2%; QD Enamel:6.7%,0.0,50.0
KB094,Builders Den Pty Ltd,AC,Aboo Cassim,52.6,narrow,Active but Narrow,🟡,0.33,0.5,0.58,12.5,6,1.0,75,50.0,7,6,"Accessories, Primers, QD Enamel, Specialised Coatings, Waterproofing, Woodcare",58.2,63.3,Woodcare:60.0%; QD Enamel:3.8%; Primers:5.0%; Accessories:15.2%; Waterproofing:2.6%; Specialised Coatings:8.3%,39.64,100.0
KH023,Hassim's Hyper,BV,Bhadresh Vallabh,52.0,at_risk,At-Risk,🟠,1.34,1.5,1.58,37.5,0,0.0,27,0.0,11,11,"Accessories, Enamel, Floor & Roof Paints, General, PVA Paints, Primers, Putty, QD Enamel, Specialised Coatings, Waterproofing, Woodcare",100.0,84.2,Primers:25.0%; Enamel:29.0%; Floor & Roof Paints:9.5%; Accessories:33.3%; QD Enamel:1.9%; PVA Paints:3.6%; Waterproofing:23.7%; Woodcare:64.0%; Putty:25.0%; General:8.3%; Specialised Coatings:8.3%,-10.29,0.0
KJ019,Jiva Auto Paints,AC,Aboo Cassim,51.8,narrow,Active but Narrow,🟡,0.67,0.84,0.75,21.0,7,1.17,34,58.3,6,6,"Accessories, Enamel, PVA Paints, Primers, Waterproofing, Woodcare",54.5,43.3,PVA Paints:5.2%; Enamel:16.9%; Woodcare:32.0%; Waterproofing:5.3%; Accessories:3.0%; Primers:2.5%,18.44,100.0
KB062,Board City,AC,Aboo Cassim,51.7,at_risk,At-Risk,🟠,3.01,4.51,3.91,100.0,0,0.0,31,0.0,6,6,"Enamel, Floor & Roof Paints, PVA Paints, Primers, QD Enamel, Woodcare",54.5,68.5,Woodcare:52.0%; QD Enamel:1.0%; PVA Paints:13.9%; Floor & Roof Paints:8.1%; Enamel:15.3%; Primers:12.5%,-9.93,0.4
KH005,HMG Wholesalers,AP,Amit Patel,51.5,narrow,Active but Narrow,🟡,0.67,1.0,0.83,25.0,0,0.0,28,0.0,11,11,"Accessories, Enamel, Floor & Roof Paints, General, PVA Paints, Primers, Putty, QD Enamel, Specialised Coatings, Waterproofing, Woodcare",100.0,59.2,Primers:12.5%; Floor & Roof Paints:1.4%; Enamel:7.7%; Woodcare:36.0%; Putty:37.5%; Accessories:24.2%; PVA Paints:4.2%; QD Enamel:5.8%; Waterproofing:21.1%; Specialised Coatings:8.3%; General:4.2%,-1.55,42.3
KM162,Makro SA Market Place,KM,KM,51.3,at_risk,At-Risk,🟠,45.77,59.46,55.89,100.0,0,0.0,4,0.0,5,5,"Enamel, Floor & Roof Paints, PVA Paints, Primers, QD Enamel",45.5,84.6,PVA Paints:26.9%; Floor & Roof Paints:41.9%; Primers:5.0%; QD Enamel:18.3%; Enamel:13.7%,-12.19,0.0
KA031,Ash Building Supplies,BV,Bhadresh Vallabh,51.3,narrow,Active but Narrow,🟡,0.67,0.67,0.92,16.8,0,0.0,24,0.0,10,9,"Accessories, Enamel, Floor & Roof Paints, General, PVA Paints, Primers, QD Enamel, Waterproofing, Woodcare",85.5,43.3,Enamel:12.0%; Primers:5.0%; Woodcare:32.0%; General:18.8%; PVA Paints:3.2%; QD Enamel:4.8%; Waterproofing:10.5%; Accessories:3.0%; Floor & Roof Paints:8.1%,10.19,100.0
KS129,Siza Bantu Mkhwenyana Hardware,NP,Nikhil Panchal,51.1,at_risk,At-Risk,🟠,1.67,1.5,1.42,37.5,3,0.5,31,25.0,9,9,"Accessories, Enamel, Floor & Roof Paints, General, PVA Paints, Primers, QD Enamel, Waterproofing, Woodcare",81.8,89.5,PVA Paints:4.9%; Enamel:21.3%; Primers:17.5%; Waterproofing:21.1%; Woodcare:84.0%; Accessories:18.2%; QD Enamel:9.6%; Floor & Roof Paints:12.2%; General:12.5%,-16.13,0.0
KQ011,Quick Solutions,AC,Aboo Cassim,50.9,narrow,Active but Narrow,🟡,2.0,2.17,2.08,54.2,0,0.0,4,0.0,8,7,"Accessories, Enamel, Floor & Roof Paints, PVA Paints, Primers, QD Enamel, Specialised Coatings",67.3,14.2,PVA Paints:3.9%; Specialised Coatings:8.3%; Enamel:2.2%; Accessories:3.0%; Floor & Roof Paints:1.4%; Primers:5.0%; QD Enamel:1.0%,20.27,100.0
KC013,Central Building Supplies,NP,Nikhil Panchal,50.6,at_risk,At-Risk,🟠,1.34,1.17,0.92,29.2,0,0.0,33,0.0,11,10,"Accessories, Enamel, Floor & Roof Paints, General, PVA Paints, Primers, Putty, QD Enamel, Waterproofing, Woodcare",94.5,100.0,PVA Paints:17.5%; Enamel:25.1%; Floor & Roof Paints:27.0%; Primers:20.0%; Waterproofing:26.3%; Woodcare:72.0%; Putty:62.5%; General:27.1%; QD Enamel:7.7%; Accessories:12.1%,-14.2,0.0
KL032,Mala Hardware ta Limpopo HW,NP,Nikhil Panchal,50.5,at_risk,At-Risk,🟠,1.34,1.34,1.33,33.5,5,0.83,34,41.7,10,9,"Accessories, Enamel, General, PVA Paints, Primers, Putty, QD Enamel, Waterproofing, Woodcare",85.5,68.0,Enamel:13.1%; Primers:10.0%; Accessories:18.2%; QD Enamel:13.5%; Putty:37.5%; General:18.8%; PVA Paints:0.6%; Waterproofing:13.2%; Woodcare:28.0%,-20.79,0.0
KE010,Easy Build Soweto,NP,Nikhil Panchal,50.3,at_risk,At-Risk,🟠,0.67,1.17,1.0,29.2,1,0.17,13,8.3,11,9,"Enamel, Floor & Roof Paints, General, PVA Paints, Primers, Putty, QD Enamel, Specialised Coatings, Woodcare",89.1,100.0,PVA Paints:10.0%; Primers:20.0%; Enamel:27.9%; Woodcare:84.0%; Floor & Roof Paints:13.5%; General:33.3%; Putty:37.5%; QD Enamel:8.7%; Specialised Coatings:16.7%,-21.36,0.0
KH034,HOME BUILD,NP,Nikhil Panchal,50.3,narrow,Active but Narrow,🟡,1.0,0.67,1.08,16.8,0,0.0,12,0.0,8,8,"Accessories, Enamel, General, PVA Paints, Putty, QD Enamel, Waterproofing, Woodcare",72.7,62.0,Enamel:12.0%; PVA Paints:1.6%; QD Enamel:1.9%; Woodcare:32.0%; General:18.8%; Waterproofing:23.7%; Accessories:9.1%; Putty:25.0%,116.57,100.0
KM064,Masons Home Hardware,AC,Aboo Cassim,50.2,at_risk,At-Risk,🟠,1.34,1.84,1.75,46.0,1,0.17,7,8.3,9,8,"Enamel, Floor & Roof Paints, General, PVA Paints, Primers, QD Enamel, Specialised Coatings, Woodcare",76.4,87.1,PVA Paints:1.6%; Floor & Roof Paints:18.9%; Enamel:22.4%; Specialised Coatings:16.7%; Woodcare:68.0%; General:35.4%; QD Enamel:8.7%; Primers:2.5%,-7.97,10.1
KB010,Beras Hardware Wholesaler,BV,Bhadresh Vallabh,50.1,at_risk,At-Risk,🟠,1.67,1.84,2.17,46.0,0,0.0,27,0.0,10,8,"Enamel, Floor & Roof Paints, General, Primers, Putty, QD Enamel, Specialised Coatings, Woodcare",80.0,97.5,Enamel:24.0%; Putty:50.0%; Primers:27.5%; Specialised Coatings:16.7%; Woodcare:60.0%; Floor & Roof Paints:2.7%; QD Enamel:3.8%; General:10.4%,-13.79,0.0
KM025,Masons Hardware,AC,Aboo Cassim,50.1,at_risk,At-Risk,🟠,0.33,0.67,0.83,16.8,12,2.0,6,100.0,7,7,"Enamel, Floor & Roof Paints, General, PVA Paints, QD Enamel, Specialised Coatings, Woodcare",63.6,59.7,PVA Paints:0.3%; Enamel:15.8%; QD Enamel:1.9%; Woodcare:72.0%; Floor & Roof Paints:4.1%; Specialised Coatings:8.3%; General:2.1%,-6.2,19.0
KD028,Del Piero Trading CC,BV,Bhadresh Vallabh,50.0,narrow,Active but Narrow,🟡,1.0,1.34,1.5,33.5,0,0.0,24,0.0,9,9,"Accessories, Enamel, Floor & Roof Paints, General, PVA Paints, Primers, Putty, QD Enamel, Woodcare",81.8,83.7,PVA Paints:4.5%; Enamel:14.2%; Primers:20.0%; Woodcare:40.0%; Accessories:6.1%; QD Enamel:14.4%; Floor & Roof Paints:16.2%; General:10.4%; Putty:62.5%,-3.9,30.5
KS038,Sams Hardware,AC,Aboo Cassim,49.4,at_risk,At-Risk,🟠,0.33,0.33,0.42,8.2,5,0.83,59,41.7,9,6,"Accessories, Enamel, Floor & Roof Paints, General, PVA Paints, Woodcare",65.5,42.7,PVA Paints:3.9%; Enamel:8.7%; Woodcare:20.0%; General:27.1%; Floor & Roof Paints:1.4%; Accessories:3.0%,42.37,100.0
KA109,Arham @ Melrose Hardware,AC,Aboo Cassim,49.3,at_risk,At-Risk,🟠,0.33,0.17,0.25,4.2,5,0.83,46,41.7,9,9,"Accessories, Enamel, Floor & Roof Paints, PVA Paints, Primers, QD Enamel, Specialised Coatings, Waterproofing, Woodcare",81.8,66.4,PVA Paints:8.7%; Floor & Roof Paints:14.9%; Primers:22.5%; Enamel:7.7%; Woodcare:36.0%; Specialised Coatings:33.3%; QD Enamel:3.8%; Waterproofing:10.5%; Accessories:12.1%,0.0,50.0
KA053,Archies Furniture & Hardware,NP,Nikhil Panchal,49.3,at_risk,At-Risk,🟠,1.67,1.84,1.5,46.0,0,0.0,21,0.0,10,10,"Accessories, Enamel, Floor & Roof Paints, General, PVA Paints, Primers, QD Enamel, Specialised Coatings, Waterproofing, Woodcare",90.9,65.9,Primers:22.5%; Woodcare:32.0%; Accessories:15.2%; PVA Paints:4.2%; Enamel:14.2%; Floor & Roof Paints:13.5%; General:22.9%; QD Enamel:24.0%; Waterproofing:7.9%; Specialised Coatings:8.3%,-9.15,4.2
KM043,Goldville SM  ta Meem H/War,AP,Amit Patel,49.3,narrow,Active but Narrow,🟡,0.67,0.84,0.83,21.0,0,0.0,54,0.0,8,8,"Accessories, Enamel, General, PVA Paints, Primers, QD Enamel, Specialised Coatings, Woodcare",72.7,48.3,PVA Paints:3.2%; Enamel:6.0%; Primers:2.5%; Woodcare:28.0%; Specialised Coatings:25.0%; General:8.3%; Accessories:12.1%; QD Enamel:11.5%,22.29,100.0
KG011,Gani's Mining Services CC,BV,Bhadresh Vallabh,49.2,narrow,Active but Narrow,🟡,3.01,2.34,2.0,58.5,0,0.0,5,0.0,6,6,"Enamel, PVA Paints, Primers, QD Enamel, Specialised Coatings, Woodcare",54.5,38.4,PVA Paints:0.6%; Enamel:11.5%; Primers:5.0%; QD Enamel:3.8%; Woodcare:20.0%; Specialised Coatings:16.7%,6.6,83.0
KG030,Grootvlei Hardware,NP,Nikhil Panchal,49.2,dormant,Dead / Dormant,🔴,0.0,0.17,0.17,4.2,0,0.0,172,0.0,10,10,"Accessories, Enamel, Floor & Roof Paints, General, PVA Paints, Primers, Putty, QD Enamel, Waterproofing, Woodcare",90.9,89.0,PVA Paints:11.3%; Enamel:8.2%; Floor & Roof Paints:14.9%; Waterproofing:28.9%; Woodcare:48.0%; Putty:37.5%; General:43.8%; Accessories:21.2%; Primers:5.0%; QD Enamel:3.8%,0.0,50.0
KB106,BAPS Randburg,SP,SP,49.2,narrow,Active but Narrow,🟡,2.0,2.0,1.75,50.0,0,0.0,13,0.0,9,6,"Accessories, Floor & Roof Paints, PVA Paints, Primers, QD Enamel, Waterproofing",65.5,13.7,PVA Paints:1.3%; Accessories:9.1%; Floor & Roof Paints:1.4%; Primers:2.5%; QD Enamel:1.0%; Waterproofing:5.3%,10.96,100.0
KI006,Iqbals Welding Shop,AC,Aboo Cassim,49.1,narrow,Active but Narrow,🟡,3.01,2.34,3.0,58.5,1,0.17,12,8.3,6,5,"Accessories, Floor & Roof Paints, Primers, QD Enamel, Waterproofing",49.1,23.3,Accessories:9.1%; Floor & Roof Paints:4.1%; Primers:7.5%; QD Enamel:5.8%; Waterproofing:2.6%,40.64,100.0
KS026,S.A. Hardware,NP,Nikhil Panchal,49.0,at_risk,At-Risk,🟠,0.67,0.84,0.75,21.0,7,1.17,31,58.3,9,8,"Accessories, Enamel, Floor & Roof Paints, General, PVA Paints, Putty, Waterproofing, Woodcare",76.4,80.8,Enamel:3.3%; Floor & Roof Paints:5.4%; Waterproofing:18.4%; Woodcare:44.0%; Putty:62.5%; Accessories:18.2%; PVA Paints:1.6%; General:8.3%,-15.02,0.0
KM022,Makhumi S Market TA Mambose H,AP,Amit Patel,48.8,narrow,Active but Narrow,🟡,0.33,0.5,0.33,12.5,0,0.0,12,0.0,9,9,"Accessories, Enamel, Floor & Roof Paints, General, PVA Paints, Primers, QD Enamel, Waterproofing, Woodcare",81.8,41.1,PVA Paints:1.6%; Enamel:7.7%; Accessories:6.1%; QD Enamel:11.5%; Woodcare:28.0%; Primers:2.5%; General:12.5%; Floor & Roof Paints:6.8%; Waterproofing:15.8%,38.05,100.0
KB100,Builders Direct Depot Pty Ltd,NP,Nikhil Panchal,48.7,at_risk,At-Risk,🟠,1.34,1.67,1.5,41.8,0,0.0,27,0.0,9,9,"Accessories, Enamel, General, PVA Paints, Primers, Putty, QD Enamel, Waterproofing, Woodcare",81.8,91.2,PVA Paints:7.8%; Primers:15.0%; Enamel:16.4%; Woodcare:48.0%; General:27.1%; QD Enamel:15.4%; Accessories:9.1%; Waterproofing:28.9%; Putty:37.5%,-16.86,0.0
KC012,Cassim Tayob,NP,Nikhil Panchal,48.6,at_risk,At-Risk,🟠,1.0,1.5,2.0,37.5,0,0.0,18,0.0,10,10,"Accessories, Enamel, Floor & Roof Paints, General, PVA Paints, Primers, QD Enamel, Specialised Coatings, Waterproofing, Woodcare",90.9,79.5,PVA Paints:12.0%; Primers:12.5%; Enamel:35.0%; Floor & Roof Paints:27.0%; Woodcare:72.0%; QD Enamel:9.6%; General:16.7%; Accessories:3.0%; Waterproofing:2.6%; Specialised Coatings:8.3%,-26.42,0.0
KL023,MA Hardware,AP,Amit Patel,48.3,narrow,Active but Narrow,🟡,0.33,0.67,0.75,16.8,0,0.0,25,0.0,9,9,"Accessories, Enamel, Floor & Roof Paints, General, PVA Paints, Primers, QD Enamel, Waterproofing, Woodcare",81.8,62.5,PVA Paints:2.6%; Enamel:18.6%; Woodcare:48.0%; General:6.2%; Accessories:18.2%; QD Enamel:6.7%; Waterproofing:28.9%; Primers:10.0%; Floor & Roof Paints:1.4%,3.54,67.7
KW004,Buildware ta Siam Trading,BV,Bhadresh Vallabh,47.9,narrow,Active but Narrow,🟡,1.34,1.0,1.0,25.0,0,0.0,5,0.0,6,6,"Accessories, Enamel, QD Enamel, Specialised Coatings, Waterproofing, Woodcare",54.5,91.6,Enamel:15.8%; Waterproofing:34.2%; Woodcare:48.0%; Accessories:12.1%; QD Enamel:10.6%; Specialised Coatings:16.7%,5.45,77.2
KK038,Kelly's Hardware,BV,Bhadresh Vallabh,47.7,narrow,Active but Narrow,🟡,0.33,0.5,0.58,12.5,0,0.0,48,0.0,9,7,"Accessories, Enamel, Floor & Roof Paints, PVA Paints, Putty, QD Enamel, Woodcare",70.9,55.5,PVA Paints:0.3%; Putty:50.0%; Accessories:9.1%; QD Enamel:11.5%; Floor & Roof Paints:1.4%; Enamel:4.9%; Woodcare:20.0%,79.25,100.0
KM152,Mkhwenyana Hardware,NP,Nikhil Panchal,47.5,at_risk,At-Risk,🟠,1.0,0.84,0.75,21.0,0,0.0,40,0.0,10,10,"Accessories, Enamel, Floor & Roof Paints, General, PVA Paints, Primers, Putty, QD Enamel, Waterproofing, Woodcare",90.9,100.0,PVA Paints:13.3%; Enamel:13.1%; Floor & Roof Paints:18.9%; Primers:7.5%; Waterproofing:21.1%; Accessories:18.2%; QD Enamel:4.8%; Woodcare:84.0%; Putty:62.5%; General:8.3%,-74.26,0.0
KQ009,Keystone Diy (PTY) LTD,NP,Nikhil Panchal,47.4,narrow,Active but Narrow,🟡,1.34,1.84,1.33,46.0,0,0.0,4,0.0,7,6,"Accessories, Enamel, PVA Paints, QD Enamel, Waterproofing, Woodcare",58.2,77.5,Enamel:15.3%; Woodcare:72.0%; Accessories:9.1%; QD Enamel:16.3%; PVA Paints:1.0%; Waterproofing:2.6%,-0.98,45.1
KV021,Vaal Auto Paints,AC,Aboo Cassim,47.3,at_risk,At-Risk,🟠,2.0,2.51,1.25,62.7,7,1.17,53,58.3,5,5,"Accessories, Floor & Roof Paints, PVA Paints, Putty, Waterproofing",45.5,48.8,PVA Paints:12.6%; Floor & Roof Paints:6.8%; Putty:25.0%; Waterproofing:10.5%; Accessories:6.1%,-7.47,12.6
KT007,Tourist Bazaar,BV,Bhadresh Vallabh,47.3,dormant,Dead / Dormant,🔴,0.0,0.17,0.5,4.2,3,0.5,151,5.0,11,10,"Accessories, Enamel, Floor & Roof Paints, General, PVA Paints, Primers, Putty, QD Enamel, Specialised Coatings, Woodcare",94.5,64.3,PVA Paints:1.6%; Enamel:9.8%; Floor & Roof Paints:8.1%; Woodcare:28.0%; General:35.4%; Accessories:18.2%; Specialised Coatings:33.3%; Putty:12.5%; QD Enamel:3.8%; Primers:10.0%,0.0,50.0
KP009,Payless Hardware,BV,Bhadresh Vallabh,47.1,at_risk,At-Risk,🟠,0.67,0.84,0.75,21.0,4,0.67,33,33.3,9,9,"Accessories, Enamel, Floor & Roof Paints, General, PVA Paints, Primers, QD Enamel, Waterproofing, Woodcare",81.8,80.2,PVA Paints:6.5%; Enamel:24.6%; Floor & Roof Paints:18.9%; Primers:5.0%; Woodcare:72.0%; General:14.6%; Accessories:18.2%; QD Enamel:4.8%; Waterproofing:15.8%,-9.62,1.9
KB046,Powerbuild Express,AP,Amit Patel,47.1,at_risk,At-Risk,🟠,1.0,1.0,0.92,25.0,4,0.67,28,33.3,10,9,"Accessories, Enamel, Floor & Roof Paints, General, PVA Paints, Primers, QD Enamel, Waterproofing, Woodcare",85.5,68.1,PVA Paints:5.5%; Enamel:14.2%; Floor & Roof Paints:23.0%; QD Enamel:16.3%; Primers:7.5%; Accessories:18.2%; Woodcare:48.0%; General:2.1%; Waterproofing:18.4%,-39.1,0.0
KA111,Akoob Group PTY (LTD),AC,Aboo Cassim,47.0,at_risk,At-Risk,🟠,0.67,1.67,1.58,41.8,4,0.67,52,33.3,8,8,"Accessories, Enamel, Floor & Roof Paints, General, PVA Paints, Putty, QD Enamel, Woodcare",72.7,63.9,PVA Paints:12.9%; Enamel:17.5%; Woodcare:56.0%; Floor & Roof Paints:2.7%; Putty:12.5%; General:4.2%; Accessories:18.2%; QD Enamel:3.8%,-9.75,1.2
KS080,Sehlware (Pty) Ltd,AP,Amit Patel,46.9,at_risk,At-Risk,🟠,0.33,0.84,0.83,21.0,4,0.67,28,33.3,9,9,"Accessories, Enamel, General, PVA Paints, Primers, Putty, QD Enamel, Waterproofing, Woodcare",81.8,81.1,Putty:62.5%; Accessories:24.2%; Waterproofing:15.8%; PVA Paints:3.6%; Enamel:14.2%; Primers:5.0%; Woodcare:48.0%; General:6.2%; QD Enamel:2.9%,-22.2,0.0
KA058,Acornhoek Hardware,BV,Bhadresh Vallabh,46.8,at_risk,At-Risk,🟠,1.34,1.17,1.5,29.2,0,0.0,27,0.0,9,9,"Accessories, Enamel, Floor & Roof Paints, General, PVA Paints, Primers, QD Enamel, Waterproofing, Woodcare",81.8,100.0,Floor & Roof Paints:18.9%; PVA Paints:8.7%; Enamel:26.2%; Primers:20.0%; Waterproofing:34.2%; Woodcare:76.0%; Accessories:45.5%; General:29.2%; QD Enamel:5.8%,-10.45,0.0
KM071,Inyameko Trading 1605cc,NP,Nikhil Panchal,46.7,at_risk,At-Risk,🟠,4.68,4.68,4.58,100.0,0,0.0,5,0.0,4,4,"Accessories, Enamel, Primers, QD Enamel",36.4,69.2,Enamel:14.8%; Accessories:6.1%; QD Enamel:30.8%; Primers:17.5%,-9.52,2.4
KM160,Mr Build Musina (PTY) LTD,AP,Amit Patel,46.6,at_risk,At-Risk,🟠,0.67,0.84,1.08,21.0,1,0.17,7,8.3,10,10,"Accessories, Enamel, Floor & Roof Paints, General, PVA Paints, Primers, QD Enamel, Specialised Coatings, Waterproofing, Woodcare",90.9,85.4,Primers:22.5%; Enamel:15.3%; Waterproofing:39.5%; Woodcare:52.0%; Floor & Roof Paints:14.9%; General:10.4%; Accessories:21.2%; QD Enamel:12.5%; PVA Paints:8.4%; Specialised Coatings:16.7%,-29.06,0.0
KH002,Handy Joes Hardware,BV,Bhadresh Vallabh,46.6,at_risk,At-Risk,🟠,1.34,1.84,1.67,46.0,0,0.0,5,0.0,8,8,"Enamel, Floor & Roof Paints, General, PVA Paints, Primers, QD Enamel, Specialised Coatings, Woodcare",72.7,82.8,PVA Paints:10.0%; Enamel:23.0%; Floor & Roof Paints:20.3%; Primers:7.5%; Woodcare:80.0%; Specialised Coatings:16.7%; General:4.2%; QD Enamel:3.8%,-8.86,5.7
KG027,Emgwenya Investments Pty Ltd,BV,Bhadresh Vallabh,46.5,at_risk,At-Risk,🟠,1.34,1.34,1.67,33.5,0,0.0,20,0.0,10,10,"Accessories, Enamel, Floor & Roof Paints, General, PVA Paints, Primers, QD Enamel, Specialised Coatings, Waterproofing, Woodcare",90.9,72.1,Primers:35.0%; Enamel:9.3%; Waterproofing:26.3%; Woodcare:40.0%; Floor & Roof Paints:12.2%; PVA Paints:0.6%; General:12.5%; Accessories:27.3%; QD Enamel:8.7%; Specialised Coatings:8.3%,-13.48,0.0
KN026,New South Building Supplies,AC,Aboo Cassim,46.5,narrow,Active but Narrow,🟡,0.33,0.5,0.67,12.5,4,0.67,56,33.3,7,7,"Accessories, Enamel, PVA Paints, Primers, Putty, QD Enamel, Specialised Coatings",63.6,28.7,Specialised Coatings:8.3%; PVA Paints:0.6%; QD Enamel:4.8%; Primers:17.5%; Accessories:6.1%; Putty:12.5%; Enamel:0.5%,20.8,100.0
KS021,Shalom Hardware,AP,Amit Patel,46.4,at_risk,At-Risk,🟠,0.33,0.33,0.42,8.2,3,0.5,33,25.0,8,8,"Enamel, Floor & Roof Paints, General, PVA Paints, Primers, QD Enamel, Specialised Coatings, Woodcare",72.7,93.4,Primers:17.5%; Enamel:28.4%; Specialised Coatings:25.0%; Woodcare:68.0%; Floor & Roof Paints:8.1%; General:35.4%; PVA Paints:0.6%; QD Enamel:3.8%,-3.64,31.8
KM109,Mullas  Hardware,AC,Aboo Cassim,46.2,at_risk,At-Risk,🟠,0.67,0.67,1.5,16.8,7,1.17,42,58.3,9,6,"Enamel, General, Primers, QD Enamel, Specialised Coatings, Woodcare",65.5,90.6,Woodcare:80.0%; QD Enamel:14.4%; Enamel:7.7%; General:2.1%; Primers:15.0%; Specialised Coatings:16.7%,-20.93,0.0
KR027,Easy Hardware,AP,Amit Patel,46.2,at_risk,At-Risk,🟠,0.67,0.67,0.83,16.8,0,0.0,34,0.0,11,11,"Accessories, Enamel, Floor & Roof Paints, General, PVA Paints, Primers, Putty, QD Enamel, Specialised Coatings, Waterproofing, Woodcare",100.0,80.2,Enamel:16.4%; Waterproofing:21.1%; Woodcare:56.0%; Putty:50.0%; General:10.4%; Accessories:24.2%; QD Enamel:9.6%; Floor & Roof Paints:8.1%; Primers:7.5%; Specialised Coatings:16.7%; PVA Paints:0.6%,-92.64,0.0
KE009,Easy Build,NP,Nikhil Panchal,45.8,at_risk,At-Risk,🟠,1.34,1.17,1.5,29.2,0,0.0,19,0.0,9,8,"Enamel, General, PVA Paints, Primers, Putty, QD Enamel, Specialised Coatings, Woodcare",76.4,100.0,PVA Paints:12.9%; Enamel:20.8%; Primers:7.5%; Woodcare:68.0%; Specialised Coatings:16.7%; Putty:37.5%; QD Enamel:9.6%; General:35.4%,-9.19,4.0
KG006,Gulmohur Building Supplies P L,NP,Nikhil Panchal,45.7,at_risk,At-Risk,🟠,1.0,1.0,1.08,25.0,3,0.5,27,25.0,11,9,"Enamel, General, PVA Paints, Primers, Putty, QD Enamel, Specialised Coatings, Waterproofing, Woodcare",89.1,59.6,PVA Paints:4.5%; Enamel:13.1%; Primers:12.5%; Waterproofing:13.2%; Woodcare:40.0%; QD Enamel:2.9%; Putty:25.0%; General:14.6%; Specialised Coatings:8.3%,-32.46,0.0
KS012,Solly's Hardware (Oxford),BV,Bhadresh Vallabh,45.6,at_risk,At-Risk,🟠,0.67,0.84,0.75,21.0,4,0.67,3,33.3,10,5,"Enamel, Primers, QD Enamel, Specialised Coatings, Woodcare",63.6,100.0,Primers:15.0%; Enamel:23.0%; Woodcare:68.0%; QD Enamel:15.4%; Specialised Coatings:8.3%,-8.35,8.2
KC023,Choice Hardware & Electrical,BV,Bhadresh Vallabh,45.5,at_risk,At-Risk,🟠,1.0,1.0,1.0,25.0,0,0.0,33,0.0,10,10,"Accessories, Enamel, Floor & Roof Paints, General, PVA Paints, Primers, Putty, QD Enamel, Waterproofing, Woodcare",90.9,79.8,PVA Paints:6.8%; Enamel:16.9%; Woodcare:44.0%; Accessories:18.2%; QD Enamel:5.8%; Floor & Roof Paints:18.9%; Putty:37.5%; Waterproofing:34.2%; Primers:2.5%; General:14.6%,-25.44,0.0
KB025,Balkan Trading CC,AC,Aboo Cassim,45.3,at_risk,At-Risk,🟠,1.0,1.17,2.42,29.2,0,0.0,33,0.0,10,10,"Accessories, Enamel, Floor & Roof Paints, General, PVA Paints, Primers, QD Enamel, Specialised Coatings, Waterproofing, Woodcare",90.9,71.3,PVA Paints:12.9%; Enamel:15.8%; Floor & Roof Paints:24.3%; Primers:10.0%; Waterproofing:15.8%; QD Enamel:4.8%; Accessories:9.1%; Woodcare:44.0%; General:8.3%; Specialised Coatings:33.3%,-32.02,0.0
KT003,Thanda Bantu Masakhane,BV,Bhadresh Vallabh,45.2,narrow,Active but Narrow,🟡,0.33,0.5,0.42,12.5,4,0.67,62,33.3,6,6,"Accessories, Enamel, PVA Paints, Primers, Waterproofing, Woodcare",54.5,38.0,Accessories:12.1%; PVA Paints:3.6%; Enamel:5.5%; Woodcare:28.0%; Primers:2.5%; Waterproofing:5.3%,34.72,100.0
KN010,Northam Hardware,BV,Bhadresh Vallabh,45.2,dormant,Dead / Dormant,🔴,0.0,0.33,0.58,8.2,4,0.67,119,13.3,7,6,"Accessories, Enamel, PVA Paints, QD Enamel, Waterproofing, Woodcare",58.2,69.7,Enamel:7.1%; Waterproofing:23.7%; Woodcare:56.0%; PVA Paints:0.6%; Accessories:15.2%; QD Enamel:1.9%,7.72,88.6
KM061,Manish Naran,AC,Aboo Cassim,45.2,narrow,Active but Narrow,🟡,1.67,1.0,1.08,25.0,0,0.0,41,0.0,7,3,"Enamel, PVA Paints, Woodcare",41.8,76.3,Enamel:16.9%; Woodcare:40.0%; PVA Paints:0.3%,53.1,100.0
KT005,Delli 786 TATshaulu HW,AP,Amit Patel,45.1,at_risk,At-Risk,🟠,1.0,0.67,0.75,16.8,0,0.0,7,0.0,10,10,"Accessories, Enamel, Floor & Roof Paints, General, PVA Paints, Primers, Putty, QD Enamel, Waterproofing, Woodcare",90.9,91.2,Enamel:15.8%; Putty:75.0%; General:14.6%; QD Enamel:1.9%; PVA Paints:2.9%; Primers:7.5%; Waterproofing:21.1%; Woodcare:52.0%; Accessories:30.3%; Floor & Roof Paints:6.8%,-25.69,0.0
KD004,Discount Hardware,BV,Bhadresh Vallabh,44.9,at_risk,At-Risk,🟠,0.67,0.84,1.0,21.0,0,0.0,40,0.0,10,9,"Accessories, Enamel, Floor & Roof Paints, General, PVA Paints, Putty, QD Enamel, Waterproofing, Woodcare",85.5,93.2,PVA Paints:6.1%; Enamel:15.3%; Waterproofing:28.9%; Woodcare:52.0%; Putty:50.0%; Accessories:27.3%; General:14.6%; QD Enamel:4.8%; Floor & Roof Paints:10.8%,-95.76,0.0
KC056,Cheap Cheap Hardware,AP,Amit Patel,44.9,narrow,Active but Narrow,🟡,0.67,0.5,0.33,12.5,2,0.33,53,16.7,7,7,"Accessories, Enamel, Floor & Roof Paints, General, PVA Paints, QD Enamel, Waterproofing",63.6,34.5,PVA Paints:4.9%; Enamel:10.4%; Floor & Roof Paints:6.8%; Waterproofing:15.8%; QD Enamel:2.9%; Accessories:9.1%; General:10.4%,10.02,100.0
KM165,M.A. HARDWARE,NP,Nikhil Panchal,44.9,at_risk,At-Risk,🟠,0.33,0.17,0.08,4.2,2,0.33,62,16.7,7,7,"Accessories, Enamel, General, PVA Paints, QD Enamel, Waterproofing, Woodcare",63.6,98.5,PVA Paints:5.5%; Enamel:15.3%; Waterproofing:34.2%; Woodcare:80.0%; General:12.5%; Accessories:18.2%; QD Enamel:6.7%,0.0,50.0
KN018,Naaz Hardware & Furniture,AP,Amit Patel,44.6,at_risk,At-Risk,🟠,0.33,1.34,1.08,33.5,2,0.33,81,16.7,10,9,"Accessories, Enamel, Floor & Roof Paints, General, PVA Paints, Primers, Putty, QD Enamel, Waterproofing",85.5,54.1,PVA Paints:3.6%; Waterproofing:18.4%; Putty:37.5%; Accessories:21.2%; Primers:10.0%; Enamel:4.9%; Floor & Roof Paints:5.4%; QD Enamel:12.5%; General:8.3%,-20.97,0.0
KA002,Angamia Building Material,BV,Bhadresh Vallabh,44.5,at_risk,At-Risk,🟠,1.0,1.5,1.67,37.5,0,0.0,63,0.0,11,8,"Accessories, Enamel, Floor & Roof Paints, General, PVA Paints, QD Enamel, Specialised Coatings, Woodcare",83.6,44.8,PVA Paints:4.9%; Enamel:13.7%; Woodcare:32.0%; Floor & Roof Paints:4.1%; Accessories:9.1%; QD Enamel:2.9%; General:14.6%; Specialised Coatings:8.3%,-5.51,22.4
KW003,Wolhuterskop Trading,BV,Bhadresh Vallabh,44.2,at_risk,At-Risk,🟠,0.67,1.0,1.08,25.0,3,0.5,34,25.0,9,8,"Enamel, Floor & Roof Paints, General, PVA Paints, Primers, Putty, QD Enamel, Woodcare",76.4,75.3,PVA Paints:7.1%; Enamel:19.1%; Woodcare:52.0%; QD Enamel:5.8%; Primers:17.5%; Floor & Roof Paints:5.4%; Putty:37.5%; General:6.2%,-18.62,0.0
KB101,Berario Hardware & Tool,BV,Bhadresh Vallabh,43.9,narrow,Active but Narrow,🟡,0.33,0.67,0.92,16.8,0,0.0,80,0.0,7,7,"Accessories, Enamel, PVA Paints, Primers, QD Enamel, Waterproofing, Woodcare",63.6,37.8,Waterproofing:7.9%; Woodcare:24.0%; PVA Paints:0.3%; Accessories:21.2%; QD Enamel:2.9%; Enamel:4.9%; Primers:5.0%,63.54,100.0
KA115,Amin Supermarket T/A Ayat HW,AP,Amit Patel,43.9,dormant,Dead / Dormant,🔴,0.0,0.17,0.08,4.2,0,0.0,116,0.0,9,9,"Accessories, Enamel, Floor & Roof Paints, General, PVA Paints, Primers, Putty, QD Enamel, Woodcare",81.8,72.2,PVA Paints:5.8%; Enamel:7.1%; Floor & Roof Paints:8.1%; Primers:12.5%; Woodcare:56.0%; Putty:50.0%; General:6.2%; Accessories:9.1%; QD Enamel:7.7%,0.0,50.0
KL035,Lucky Domestic Hardware,NP,Nikhil Panchal,43.5,at_risk,At-Risk,🟠,1.0,0.84,0.92,21.0,5,0.83,5,41.7,8,8,"Accessories, Enamel, General, Primers, Putty, QD Enamel, Specialised Coatings, Woodcare",72.7,67.8,Enamel:16.9%; Primers:12.5%; Woodcare:36.0%; Putty:37.5%; Accessories:6.1%; QD Enamel:5.8%; General:4.2%; Specialised Coatings:16.7%,-33.23,0.0
KM065,Mega Hardware,BV,Bhadresh Vallabh,43.2,narrow,Active but Narrow,🟡,0.33,0.67,0.5,16.8,2,0.33,49,16.7,7,4,"Floor & Roof Paints, General, Primers, Specialised Coatings",47.3,48.6,Primers:5.0%; Specialised Coatings:16.7%; General:18.8%; Floor & Roof Paints:8.1%,29.69,100.0
KM070,Max Hardware,AP,Amit Patel,42.9,narrow,Active but Narrow,🟡,0.33,0.5,0.67,12.5,0,0.0,70,0.0,8,7,"Accessories, Enamel, General, PVA Paints, QD Enamel, Waterproofing, Woodcare",67.3,30.9,Waterproofing:15.8%; Accessories:18.2%; Enamel:6.6%; PVA Paints:0.3%; QD Enamel:1.0%; Woodcare:8.0%; General:4.2%,26.65,100.0
KC041,Central Build It,AC,Aboo Cassim,42.8,narrow,Active but Narrow,🟡,2.0,1.84,1.67,46.0,0,0.0,6,0.0,6,6,"Enamel, Floor & Roof Paints, PVA Paints, QD Enamel, Waterproofing, Woodcare",54.5,38.9,QD Enamel:8.7%; PVA Paints:4.9%; Enamel:4.9%; Floor & Roof Paints:5.4%; Waterproofing:10.5%; Woodcare:24.0%,2.12,60.6
KV001,Vuwani Hardware & Furniture cc,AP,Amit Patel,42.8,at_risk,At-Risk,🟠,0.33,0.17,0.33,4.2,2,0.33,84,16.7,9,8,"Accessories, Enamel, General, PVA Paints, Primers, Putty, QD Enamel, Woodcare",76.4,59.0,Primers:2.5%; Putty:62.5%; Accessories:9.1%; QD Enamel:2.9%; PVA Paints:1.6%; Enamel:3.3%; Woodcare:32.0%; General:4.2%,0.0,50.0
KM087,Mangera's Hardware City,AP,Amit Patel,42.5,at_risk,At-Risk,🟠,1.0,1.0,1.0,25.0,4,0.67,28,33.3,8,8,"Accessories, Enamel, Floor & Roof Paints, PVA Paints, Primers, Putty, QD Enamel, Waterproofing",72.7,54.9,PVA Paints:6.5%; Enamel:11.5%; Waterproofing:18.4%; Putty:37.5%; Accessories:15.2%; QD Enamel:14.4%; Floor & Roof Paints:1.4%; Primers:5.0%,-8.39,8.1
KG022,Rosendal Hardware & Building M,AP,Amit Patel,42.5,at_risk,At-Risk,🟠,0.33,0.33,0.25,8.2,0,0.0,21,0.0,10,10,"Accessories, Enamel, Floor & Roof Paints, General, PVA Paints, Primers, Putty, QD Enamel, Waterproofing, Woodcare",90.9,88.1,Enamel:10.9%; Primers:10.0%; Waterproofing:36.8%; Woodcare:76.0%; Putty:37.5%; General:14.6%; Accessories:24.2%; PVA Paints:2.9%; QD Enamel:1.9%; Floor & Roof Paints:5.4%,-68.89,0.0
KD030,Desai Hardware,AC,Aboo Cassim,42.4,at_risk,At-Risk,🟠,0.33,0.67,0.92,16.8,6,1.0,21,50.0,8,8,"Accessories, Enamel, Floor & Roof Paints, General, PVA Paints, Primers, Specialised Coatings, Woodcare",72.7,59.5,Enamel:13.7%; Specialised Coatings:8.3%; Woodcare:68.0%; Floor & Roof Paints:1.4%; General:8.3%; Primers:12.5%; PVA Paints:0.6%; Accessories:6.1%,-11.5,0.0
KS007,Star Hardware,AP,Amit Patel,42.3,dormant,Dead / Dormant,🔴,0.0,0.17,0.17,4.2,5,0.83,159,21.7,8,7,"Accessories, Enamel, General, PVA Paints, Primers, QD Enamel, Woodcare",67.3,68.4,Enamel:12.0%; Woodcare:72.0%; Accessories:9.1%; PVA Paints:1.6%; Primers:5.0%; General:10.4%; QD Enamel:9.6%,0.0,50.0
KL009,Low Cost Hardware,NP,Nikhil Panchal,42.3,at_risk,At-Risk,🟠,1.0,1.0,0.92,25.0,0,0.0,5,0.0,10,8,"Accessories, Enamel, General, PVA Paints, Primers, Putty, Waterproofing, Woodcare",80.0,80.3,Enamel:4.9%; Waterproofing:15.8%; Putty:62.5%; Accessories:18.2%; PVA Paints:0.6%; Woodcare:52.0%; Primers:2.5%; General:4.2%,-28.09,0.0
KB093,Baskid Nondabuya General Trd,NP,Nikhil Panchal,42.2,at_risk,At-Risk,🟠,1.0,0.67,1.08,16.8,3,0.5,31,25.0,10,9,"Accessories, Enamel, Floor & Roof Paints, General, PVA Paints, Primers, QD Enamel, Waterproofing, Woodcare",85.5,57.2,PVA Paints:10.4%; Enamel:10.9%; Waterproofing:31.6%; Accessories:12.1%; QD Enamel:14.4%; Floor & Roof Paints:16.2%; Primers:5.0%; Woodcare:24.0%; General:4.2%,-47.36,0.0
KB086,Best Build Hardware  Elim,AP,Amit Patel,41.7,narrow,Active but Narrow,🟡,1.0,0.5,0.5,12.5,0,0.0,12,0.0,8,4,"General, PVA Paints, Putty, Woodcare",50.9,55.6,PVA Paints:3.9%; Putty:37.5%; General:6.2%; Woodcare:8.0%,46.35,100.0
KC054,Choice Build Matanda,AP,Amit Patel,41.7,at_risk,At-Risk,🟠,1.34,1.34,1.42,33.5,0,0.0,7,0.0,9,8,"Accessories, Enamel, Floor & Roof Paints, General, PVA Paints, QD Enamel, Waterproofing, Woodcare",76.4,69.3,PVA Paints:6.8%; Enamel:11.5%; Floor & Roof Paints:16.2%; Woodcare:64.0%; Accessories:15.2%; QD Enamel:2.9%; General:6.2%; Waterproofing:15.8%,-12.92,0.0
KR036,Royal Water Pty Ltd,NP,Nikhil Panchal,41.7,dormant,Dead / Dormant,🔴,0.0,0.17,0.17,4.2,2,0.33,144,0.0,8,8,"Enamel, General, PVA Paints, Primers, Putty, QD Enamel, Waterproofing, Woodcare",72.7,75.4,PVA Paints:4.2%; Enamel:11.5%; Primers:5.0%; Woodcare:52.0%; Putty:25.0%; General:16.7%; Waterproofing:31.6%; QD Enamel:4.8%,0.0,50.0
KO009,One Price Store,NP,Nikhil Panchal,41.7,narrow,Active but Narrow,🟡,0.33,0.84,0.92,21.0,0,0.0,41,0.0,6,6,"Accessories, Enamel, General, PVA Paints, Waterproofing, Woodcare",54.5,68.2,Enamel:9.8%; Waterproofing:15.8%; Woodcare:48.0%; General:12.5%; PVA Paints:7.1%; Accessories:9.1%,3.15,65.7
KP015,Steel Hub,BV,Bhadresh Vallabh,41.6,narrow,Active but Narrow,🟡,1.67,2.0,2.17,50.0,5,0.83,20,41.7,5,4,"Accessories, Enamel, Primers, QD Enamel",40.0,33.9,Enamel:5.5%; Primers:5.0%; Accessories:6.1%; QD Enamel:17.3%,-2.38,38.1
KO010,Olympic Colour Studio,KM,KM,41.6,at_risk,At-Risk,🟠,25.05,20.88,14.83,100.0,0,0.0,4,0.0,6,4,"Accessories, Enamel, Floor & Roof Paints, PVA Paints",43.6,7.5,Floor & Roof Paints:2.7%; PVA Paints:1.3%; Enamel:0.5%; Accessories:3.0%,-6.82,15.9
KB066,Bala & Sons ta BNS Supermark,BV,Bhadresh Vallabh,41.5,dormant,Dead / Dormant,🔴,0.0,0.17,0.25,4.2,0,0.0,97,0.0,10,9,"Accessories, Enamel, General, PVA Paints, Primers, Putty, QD Enamel, Waterproofing, Woodcare",85.5,48.7,Enamel:3.3%; General:14.6%; Accessories:12.1%; PVA Paints:0.6%; QD Enamel:1.9%; Primers:2.5%; Waterproofing:21.1%; Woodcare:16.0%; Putty:37.5%,0.0,50.0
KE018,Thamarah Pty Ltd,AC,Aboo Cassim,41.0,at_risk,At-Risk,🟠,3.67,3.34,2.42,83.5,0,0.0,6,0.0,4,4,"Accessories, Enamel, PVA Paints, Woodcare",36.4,39.3,PVA Paints:8.7%; Woodcare:24.0%; Accessories:6.1%; Enamel:0.5%,-5.6,22.0
KM098,Mahriya General Trading CC,AP,Amit Patel,40.8,at_risk,At-Risk,🟠,0.33,0.5,0.5,12.5,5,0.83,56,41.7,9,9,"Accessories, Enamel, Floor & Roof Paints, PVA Paints, Primers, Putty, QD Enamel, Waterproofing, Woodcare",81.8,45.9,PVA Paints:1.9%; Enamel:13.1%; Waterproofing:23.7%; Woodcare:16.0%; QD Enamel:2.9%; Floor & Roof Paints:9.5%; Primers:5.0%; Putty:25.0%; Accessories:6.1%,-20.1,0.0
KE030,Express Mall @ 85,AC,Aboo Cassim,40.4,at_risk,At-Risk,🟠,2.34,1.67,0.92,41.8,0,0.0,6,0.0,8,8,"Accessories, Enamel, Floor & Roof Paints, PVA Paints, Primers, QD Enamel, Waterproofing, Woodcare",72.7,54.0,PVA Paints:5.8%; Enamel:10.4%; Waterproofing:18.4%; QD Enamel:5.8%; Accessories:3.0%; Primers:15.0%; Woodcare:40.0%; Floor & Roof Paints:9.5%,-13.75,0.0
KF008,Faroque General Trading PL,BV,Bhadresh Vallabh,40.2,narrow,Active but Narrow,🟡,0.67,1.0,0.75,25.0,0,0.0,31,0.0,8,8,"Accessories, Enamel, General, PVA Paints, Primers, QD Enamel, Waterproofing, Woodcare",72.7,24.6,PVA Paints:1.6%; Primers:5.0%; Enamel:3.3%; Woodcare:16.0%; Waterproofing:7.9%; Accessories:3.0%; General:10.4%; QD Enamel:1.9%,1.24,56.2
KE024,East End General Dealer,BV,Bhadresh Vallabh,40.0,dormant,Dead / Dormant,🔴,0.0,0.33,0.42,8.2,0,0.0,94,0.0,9,8,"Accessories, Enamel, General, PVA Paints, Primers, QD Enamel, Waterproofing, Woodcare",76.4,100.0,PVA Paints:8.1%; Primers:12.5%; Waterproofing:52.6%; Woodcare:60.0%; Accessories:15.2%; Enamel:14.8%; General:18.8%; QD Enamel:19.2%,-54.02,0.0
KF018,Fairplay Hardware Bochum,BV,Bhadresh Vallabh,40.0,at_risk,At-Risk,🟠,2.34,3.17,3.5,79.2,0,0.0,26,0.0,5,5,"Accessories, Enamel, Primers, QD Enamel, Waterproofing",45.5,43.9,Enamel:16.4%; Waterproofing:21.1%; QD Enamel:1.9%; Accessories:3.0%; Primers:12.5%,-14.55,0.0
KD029,Door to Door Trade 1005 CC,NP,Nikhil Panchal,39.9,at_risk,At-Risk,🟠,0.67,0.5,0.42,12.5,0,0.0,12,0.0,11,10,"Accessories, Enamel, Floor & Roof Paints, General, Primers, Putty, QD Enamel, Specialised Coatings, Waterproofing, Woodcare",94.5,48.0,Enamel:3.3%; Primers:7.5%; QD Enamel:2.9%; Waterproofing:26.3%; Woodcare:12.0%; Accessories:15.2%; Floor & Roof Paints:2.7%; Putty:37.5%; General:4.2%; Specialised Coatings:8.3%,-8.34,8.3
KC021,Choice Hardware & Electrical,AP,Amit Patel,39.8,at_risk,At-Risk,🟠,0.67,0.5,0.58,12.5,0,0.0,7,0.0,9,9,"Accessories, Enamel, Floor & Roof Paints, General, PVA Paints, Primers, Putty, QD Enamel, Woodcare",81.8,80.8,PVA Paints:2.9%; Enamel:18.0%; Floor & Roof Paints:1.4%; Putty:37.5%; General:20.8%; Accessories:24.2%; Primers:10.0%; QD Enamel:2.9%; Woodcare:64.0%,-61.28,0.0
KM110,Alex Hardware,NP,Nikhil Panchal,39.8,at_risk,At-Risk,🟠,0.33,0.5,0.42,12.5,0,0.0,47,0.0,10,9,"Accessories, Enamel, Floor & Roof Paints, General, PVA Paints, Primers, Putty, QD Enamel, Waterproofing",85.5,73.6,Enamel:14.2%; Primers:22.5%; Waterproofing:26.3%; QD Enamel:7.7%; Accessories:9.1%; Putty:50.0%; General:25.0%; Floor & Roof Paints:9.5%; PVA Paints:1.3%,-75.17,0.0
KS044,Sayed's Ind Supplies Pty Ltd,AC,Aboo Cassim,39.4,at_risk,At-Risk,🟠,0.33,0.5,0.33,12.5,2,0.33,61,16.7,7,7,"Enamel, Floor & Roof Paints, PVA Paints, Primers, QD Enamel, Specialised Coatings, Woodcare",63.6,60.1,PVA Paints:2.6%; Enamel:16.9%; Primers:5.0%; Woodcare:60.0%; Floor & Roof Paints:2.7%; Specialised Coatings:8.3%; QD Enamel:9.6%,-2.44,37.8
KR044,Raj Wholesalers,AP,Amit Patel,39.4,at_risk,At-Risk,🟠,0.33,0.17,0.08,4.2,0,0.0,39,0.0,8,8,"Accessories, Enamel, PVA Paints, Primers, Putty, QD Enamel, Waterproofing, Woodcare",72.7,60.1,PVA Paints:3.6%; Enamel:3.8%; Primers:5.0%; Waterproofing:34.2%; Woodcare:24.0%; Putty:37.5%; Accessories:9.1%; QD Enamel:2.9%,0.0,50.0
KB109,S.R. Mullas Hardware & Superma,AC,Aboo Cassim,39.4,dormant,Dead / Dormant,🔴,0.0,0.67,0.5,16.8,4,0.67,119,13.3,8,8,"Enamel, General, PVA Paints, Primers, Putty, QD Enamel, Specialised Coatings, Woodcare",72.7,75.8,PVA Paints:4.9%; Enamel:18.0%; Woodcare:56.0%; General:18.8%; QD Enamel:4.8%; Specialised Coatings:16.7%; Primers:7.5%; Putty:25.0%,-31.84,0.0
KM123,Honest Electrial and Plumbing,NP,Nikhil Panchal,39.3,at_risk,At-Risk,🟠,0.67,0.67,0.42,16.8,0,0.0,87,0.0,10,10,"Accessories, Enamel, Floor & Roof Paints, General, PVA Paints, Primers, Putty, QD Enamel, Waterproofing, Woodcare",90.9,51.9,PVA Paints:4.5%; Primers:7.5%; Enamel:11.5%; Floor & Roof Paints:8.1%; Woodcare:28.0%; General:2.1%; Accessories:15.2%; Waterproofing:10.5%; Putty:37.5%; QD Enamel:4.8%,-28.05,0.0
KS122,Nasco Properties (PTY) Ltd,SP,SP,39.3,at_risk,At-Risk,🟠,1.34,0.84,0.58,21.0,0,0.0,19,0.0,7,6,"Accessories, Floor & Roof Paints, PVA Paints, Primers, QD Enamel, Woodcare",58.2,10.4,Primers:5.0%; PVA Paints:0.3%; Accessories:3.0%; QD Enamel:1.9%; Woodcare:4.0%; Floor & Roof Paints:1.4%,15.77,100.0
KB112,Big On HW ta Phutas Mica Pain,NP,Nikhil Panchal,38.7,dormant,Dead / Dormant,🔴,0.0,0.17,0.42,4.2,1,0.17,159,0.0,6,6,"Accessories, Enamel, Primers, QD Enamel, Specialised Coatings, Woodcare",54.5,91.8,QD Enamel:14.4%; Enamel:23.5%; Primers:5.0%; Woodcare:72.0%; Specialised Coatings:16.7%; Accessories:6.1%,0.0,50.0
KX003,Exclusive Paint & Hardware,BV,Bhadresh Vallabh,38.2,dormant,Dead / Dormant,🔴,0.0,0.5,0.67,12.5,6,1.0,140,30.0,5,5,"Enamel, Floor & Roof Paints, General, PVA Paints, Woodcare",45.5,12.8,Enamel:2.2%; Floor & Roof Paints:1.4%; PVA Paints:2.3%; General:2.1%; Woodcare:8.0%,126.46,100.0
KM077,Manglasi Hardware,AP,Amit Patel,38.1,at_risk,At-Risk,🟠,0.33,0.33,0.5,8.2,5,0.83,70,41.7,7,7,"Accessories, Enamel, General, PVA Paints, Putty, QD Enamel, Woodcare",63.6,71.7,Enamel:4.9%; Woodcare:28.0%; Putty:62.5%; General:10.4%; Accessories:15.2%; QD Enamel:2.9%; PVA Paints:1.6%,-152.6,0.0
KL047,KL047,BV,Bhadresh Vallabh,38.1,at_risk,At-Risk,🟠,1.0,2.84,5.5,71.0,0,0.0,6,0.0,7,5,"Enamel, Floor & Roof Paints, PVA Paints, Primers, QD Enamel",52.7,30.3,PVA Paints:10.4%; Floor & Roof Paints:10.8%; QD Enamel:10.6%; Enamel:1.1%; Primers:5.0%,-15.21,0.0
KS089,S.A. Hardware (Makhado),AP,Amit Patel,38.0,dormant,Dead / Dormant,🔴,0.0,0.33,0.5,8.2,0,0.0,97,0.0,6,5,"Accessories, Enamel, QD Enamel, Waterproofing, Woodcare",49.1,41.5,Enamel:6.0%; Woodcare:24.0%; Accessories:12.1%; QD Enamel:1.9%; Waterproofing:7.9%,32.41,100.0
KC011,Molepo Coal Centre Pty Ltd,BV,Bhadresh Vallabh,37.5,at_risk,At-Risk,🟠,0.33,0.84,0.5,21.0,5,0.83,32,41.7,8,8,"Accessories, Enamel, Floor & Roof Paints, General, PVA Paints, Primers, QD Enamel, Woodcare",72.7,28.2,PVA Paints:3.9%; Enamel:6.6%; Accessories:9.1%; Woodcare:12.0%; Floor & Roof Paints:2.7%; General:16.7%; Primers:2.5%; QD Enamel:2.9%,-21.58,0.0
KH013,Henque 3481 CC,BV,Bhadresh Vallabh,37.4,at_risk,At-Risk,🟠,0.67,0.5,0.83,12.5,0,0.0,24,0.0,10,10,"Accessories, Enamel, Floor & Roof Paints, General, PVA Paints, Primers, QD Enamel, Specialised Coatings, Waterproofing, Woodcare",90.9,46.4,Enamel:13.7%; General:18.8%; PVA Paints:2.3%; QD Enamel:4.8%; Waterproofing:18.4%; Woodcare:28.0%; Accessories:6.1%; Floor & Roof Paints:8.1%; Primers:7.5%; Specialised Coatings:8.3%,-42.63,0.0
KS052,Oriant Invest TA Smart Build,AP,Amit Patel,37.0,dormant,Dead / Dormant,🔴,0.0,0.0,0.25,0.0,2,0.33,220,0.0,11,11,"Accessories, Enamel, Floor & Roof Paints, General, PVA Paints, Primers, Putty, QD Enamel, Specialised Coatings, Waterproofing, Woodcare",100.0,46.4,Floor & Roof Paints:2.7%; PVA Paints:1.0%; Enamel:13.7%; Primers:12.5%; Woodcare:20.0%; Accessories:12.1%; QD Enamel:7.7%; Waterproofing:7.9%; Specialised Coatings:8.3%; Putty:37.5%; General:4.2%,,0.0
KC032,Cheers Supermarket,BV,Bhadresh Vallabh,36.9,dormant,Dead / Dormant,🔴,0.0,0.17,0.25,4.2,0,0.0,97,0.0,8,8,"Accessories, Enamel, General, PVA Paints, Primers, QD Enamel, Waterproofing, Woodcare",72.7,43.6,PVA Paints:2.6%; Enamel:5.5%; Waterproofing:15.8%; Accessories:18.2%; QD Enamel:1.9%; Primers:5.0%; Woodcare:32.0%; General:6.2%,0.0,50.0
KD002,Dhaval Patel Ent,BV,Bhadresh Vallabh,36.9,dormant,Dead / Dormant,🔴,0.0,1.0,0.92,25.0,0,0.0,152,0.0,10,9,"Accessories, Enamel, Floor & Roof Paints, General, PVA Paints, QD Enamel, Specialised Coatings, Waterproofing, Woodcare",85.5,33.2,Floor & Roof Paints:4.1%; PVA Paints:4.2%; General:4.2%; QD Enamel:17.3%; Specialised Coatings:8.3%; Enamel:7.1%; Woodcare:16.0%; Waterproofing:10.5%; Accessories:3.0%,-94.21,0.0
KA060,Golden Hardware and Paint,AC,Aboo Cassim,36.6,dormant,Dead / Dormant,🔴,0.0,0.17,0.42,4.2,0,0.0,96,0.0,6,4,"Accessories, Enamel, PVA Paints, Woodcare",43.6,100.0,PVA Paints:8.4%; Enamel:17.5%; Woodcare:72.0%; Accessories:6.1%,0.0,50.0
KC031,Masiqhame Trading 1629,AP,Amit Patel,36.6,at_risk,At-Risk,🟠,1.0,1.17,1.42,29.2,4,0.67,7,33.3,3,3,"Accessories, General, Putty",27.3,100.0,Putty:75.0%; Accessories:6.1%; General:8.3%,-8.49,7.6
KL011,Lalita Supermarket& Hardware,BV,Bhadresh Vallabh,36.5,at_risk,At-Risk,🟠,0.33,0.5,0.58,12.5,0,0.0,60,0.0,9,9,"Accessories, Enamel, Floor & Roof Paints, General, PVA Paints, Primers, QD Enamel, Waterproofing, Woodcare",81.8,59.2,Enamel:9.8%; General:25.0%; Accessories:18.2%; PVA Paints:1.9%; Waterproofing:31.6%; Woodcare:40.0%; QD Enamel:2.9%; Primers:2.5%; Floor & Roof Paints:1.4%,-90.47,0.0
KA080,Bhambanana Park,NP,Nikhil Panchal,36.5,at_risk,At-Risk,🟠,0.33,0.33,0.25,8.2,0,0.0,40,0.0,10,9,"Accessories, Enamel, Floor & Roof Paints, General, PVA Paints, Putty, QD Enamel, Waterproofing, Woodcare",85.5,58.5,PVA Paints:0.3%; Enamel:4.9%; Floor & Roof Paints:10.8%; Putty:37.5%; QD Enamel:1.0%; Waterproofing:28.9%; Woodcare:36.0%; General:6.2%; Accessories:6.1%,-70.08,0.0
KM161,MKH Hardware,NP,Nikhil Panchal,36.4,at_risk,At-Risk,🟠,0.67,0.5,0.67,12.5,0,0.0,40,0.0,10,9,"Accessories, Enamel, Floor & Roof Paints, General, PVA Paints, Primers, QD Enamel, Waterproofing, Woodcare",85.5,51.0,PVA Paints:10.0%; Floor & Roof Paints:13.5%; QD Enamel:9.6%; Enamel:2.2%; Waterproofing:21.1%; Accessories:9.1%; Primers:2.5%; Woodcare:28.0%; General:18.8%,-62.79,0.0
KM033,Moin's Enterprises (Pty) Ltd,NP,Nikhil Panchal,36.3,dormant,Dead / Dormant,🔴,0.0,0.17,0.25,4.2,1,0.17,153,0.0,9,7,"Enamel, General, PVA Paints, Primers, QD Enamel, Waterproofing, Woodcare",70.9,43.4,PVA Paints:3.2%; Enamel:13.7%; Woodcare:28.0%; General:6.2%; QD Enamel:1.9%; Primers:15.0%; Waterproofing:7.9%,0.0,50.0
KP053,Paint Mart (Benoni),AC,Aboo Cassim,36.2,dormant,Dead / Dormant,🔴,0.0,0.0,1.92,0.0,4,0.67,269,13.3,10,10,"Accessories, Enamel, Floor & Roof Paints, General, PVA Paints, Primers, Putty, Specialised Coatings, Waterproofing, Woodcare",90.9,46.0,PVA Paints:22.7%; Floor & Roof Paints:25.7%; Waterproofing:2.6%; General:2.1%; Enamel:16.9%; Accessories:15.2%; Primers:5.0%; Putty:12.5%; Specialised Coatings:8.3%; Woodcare:4.0%,,0.0
KS018,Shikundu Trading Store,NP,Nikhil Panchal,36.0,at_risk,At-Risk,🟠,0.33,0.17,0.67,4.2,6,1.0,70,50.0,7,5,"Accessories, Enamel, Floor & Roof Paints, General, PVA Paints",52.7,27.4,PVA Paints:0.6%; Enamel:0.5%; Floor & Roof Paints:4.1%; Accessories:6.1%; General:22.9%,0.0,50.0
KG004,Gani Osman Hardware (Pty) Ltd,NP,Nikhil Panchal,35.9,at_risk,At-Risk,🟠,0.33,0.67,0.92,16.8,0,0.0,56,0.0,8,7,"Enamel, Floor & Roof Paints, PVA Paints, Primers, QD Enamel, Specialised Coatings, Woodcare",67.3,48.6,PVA Paints:7.1%; Enamel:12.0%; Woodcare:24.0%; Primers:5.0%; Specialised Coatings:25.0%; Floor & Roof Paints:8.1%; QD Enamel:3.8%,-4.36,28.2
KS121,Smart Builders,NP,Nikhil Panchal,35.8,dormant,Dead / Dormant,🔴,0.0,0.17,0.08,4.2,0,0.0,172,0.0,9,7,"Enamel, Floor & Roof Paints, PVA Paints, Primers, QD Enamel, Specialised Coatings, Woodcare",70.9,39.8,PVA Paints:6.5%; Floor & Roof Paints:9.5%; Primers:12.5%; Enamel:6.6%; Woodcare:12.0%; Specialised Coatings:16.7%; QD Enamel:5.8%,0.0,50.0
KB035,Amoriscape Pty Ltd,AC,Aboo Cassim,35.5,at_risk,At-Risk,🟠,1.0,1.17,1.67,29.2,0,0.0,20,0.0,9,8,"Accessories, Enamel, Floor & Roof Paints, PVA Paints, Primers, QD Enamel, Waterproofing, Woodcare",76.4,35.5,QD Enamel:17.3%; PVA Paints:1.6%; Primers:17.5%; Waterproofing:5.3%; Woodcare:8.0%; Accessories:18.2%; Enamel:0.5%; Floor & Roof Paints:2.7%,-28.43,0.0
KT061,Total Hardware & Tiles,BV,Bhadresh Vallabh,35.5,dormant,Dead / Dormant,🔴,0.0,0.17,0.5,4.2,5,0.83,181,21.7,5,5,"Enamel, PVA Paints, Primers, QD Enamel, Woodcare",45.5,67.0,PVA Paints:5.2%; Enamel:12.0%; QD Enamel:9.6%; Primers:5.0%; Woodcare:52.0%,0.0,50.0
KA057,Abies Security Gates,AC,Aboo Cassim,35.4,at_risk,At-Risk,🟠,3.01,2.0,5.91,50.0,0,0.0,59,0.0,4,3,"Accessories, Primers, QD Enamel",30.9,17.1,QD Enamel:4.8%; Primers:5.0%; Accessories:3.0%,4.75,73.7
KK031,Kazi Hardware & Tool,BV,Bhadresh Vallabh,35.3,at_risk,At-Risk,🟠,0.33,0.17,0.42,4.2,0,0.0,61,0.0,8,7,"Accessories, Enamel, PVA Paints, Primers, QD Enamel, Waterproofing, Woodcare",67.3,43.8,PVA Paints:10.0%; Enamel:4.9%; Primers:7.5%; Woodcare:24.0%; Accessories:6.1%; QD Enamel:5.8%; Waterproofing:18.4%,0.0,50.0
KA104,All in One Hardware,BV,Bhadresh Vallabh,35.2,at_risk,At-Risk,🟠,0.67,0.67,0.33,16.8,0,0.0,32,0.0,11,7,"Accessories, Enamel, Floor & Roof Paints, PVA Paints, Primers, QD Enamel, Specialised Coatings",78.2,41.0,Enamel:4.4%; Floor & Roof Paints:12.2%; Primers:10.0%; Specialised Coatings:16.7%; Accessories:6.1%; QD Enamel:19.2%; PVA Paints:3.2%,-8.15,9.3
KA030,Hassan & Sons Hardware,AC,Aboo Cassim,35.0,at_risk,At-Risk,🟠,0.33,0.84,0.67,21.0,0,0.0,20,0.0,7,7,"Accessories, Enamel, Floor & Roof Paints, General, PVA Paints, Putty, Woodcare",63.6,32.3,PVA Paints:1.3%; Enamel:3.3%; Putty:37.5%; Floor & Roof Paints:5.4%; Woodcare:4.0%; General:2.1%; Accessories:3.0%,-2.19,39.1
KK040,Kareena Traders,BV,Bhadresh Vallabh,35.0,dormant,Dead / Dormant,🔴,0.0,0.33,0.17,8.2,2,0.33,96,0.0,9,9,"Accessories, Enamel, Floor & Roof Paints, General, PVA Paints, Primers, QD Enamel, Waterproofing, Woodcare",81.8,55.9,PVA Paints:5.5%; Enamel:12.0%; Floor & Roof Paints:18.9%; Primers:5.0%; Waterproofing:21.1%; Woodcare:28.0%; General:8.3%; Accessories:18.2%; QD Enamel:8.7%,-68.19,0.0
KP059,Prime Build,AC,Aboo Cassim,34.7,at_risk,At-Risk,🟠,1.0,0.67,0.5,16.8,3,0.5,41,25.0,3,3,"Accessories, Enamel, General",27.3,23.9,Enamel:8.7%; General:6.2%; Accessories:3.0%,31.77,100.0
KH029,Hadid Hardware & Furniture,AP,Amit Patel,34.6,dormant,Dead / Dormant,🔴,0.0,0.5,1.08,12.5,0,0.0,152,0.0,9,9,"Accessories, Enamel, Floor & Roof Paints, General, PVA Paints, Primers, QD Enamel, Waterproofing, Woodcare",81.8,46.2,PVA Paints:4.2%; Enamel:14.2%; Accessories:9.1%; QD Enamel:5.8%; Floor & Roof Paints:13.5%; Woodcare:24.0%; General:12.5%; Waterproofing:13.2%; Primers:7.5%,-28.95,0.0
KB110,Best Build HW Giyani,NP,Nikhil Panchal,34.6,at_risk,At-Risk,🟠,0.33,0.33,0.42,8.2,4,0.67,3,33.3,8,8,"Accessories, Enamel, General, PVA Paints, Primers, QD Enamel, Waterproofing, Woodcare",72.7,38.4,Enamel:8.7%; Primers:2.5%; Waterproofing:13.2%; Woodcare:40.0%; General:6.2%; Accessories:3.0%; QD Enamel:2.9%; PVA Paints:0.3%,-34.86,0.0
KM037,Maphalle Hardware,BV,Bhadresh Vallabh,34.3,dormant,Dead / Dormant,🔴,0.0,0.17,0.42,4.2,2,0.33,158,0.0,7,5,"Accessories, Enamel, Putty, QD Enamel, Woodcare",52.7,66.5,Enamel:7.7%; Woodcare:24.0%; Putty:37.5%; Accessories:9.1%; QD Enamel:4.8%,0.0,50.0
KY006,YMM Motors,1,1,34.3,dormant,Dead / Dormant,🔴,0.0,0.17,1.92,4.2,0,0.0,173,0.0,9,8,"Accessories, Enamel, Floor & Roof Paints, General, PVA Paints, Primers, QD Enamel, Woodcare",76.4,18.8,Accessories:15.2%; QD Enamel:1.9%; Enamel:1.1%; Primers:7.5%; General:6.2%; PVA Paints:0.3%; Floor & Roof Paints:1.4%; Woodcare:4.0%,0.0,50.0
KB115,Build Africa Hardware,BM,Byron Minnie,34.3,at_risk,At-Risk,🟠,2.67,1.34,0.67,33.5,0,0.0,20,0.0,6,6,"Enamel, PVA Paints, Primers, QD Enamel, Specialised Coatings, Woodcare",54.5,63.8,Woodcare:40.0%; Enamel:7.7%; QD Enamel:5.8%; Specialised Coatings:33.3%; PVA Paints:3.9%; Primers:5.0%,-64.75,0.0
KC053,Choice Build Hardware Siloam,AP,Amit Patel,34.2,at_risk,At-Risk,🟠,0.67,0.33,0.17,8.2,0,0.0,39,0.0,8,8,"Accessories, Enamel, General, PVA Paints, Primers, Putty, QD Enamel, Woodcare",72.7,69.2,PVA Paints:3.9%; Enamel:4.4%; Primers:7.5%; Putty:37.5%; General:4.2%; Accessories:15.2%; QD Enamel:5.8%; Woodcare:60.0%,-16.7,0.0
KA113,Alex Hardware Devon,NP,Nikhil Panchal,34.2,at_risk,At-Risk,🟠,0.67,0.5,0.33,12.5,2,0.33,18,16.7,6,6,"Enamel, General, Primers, Putty, QD Enamel, Woodcare",54.5,81.8,Enamel:14.8%; Primers:15.0%; Woodcare:28.0%; QD Enamel:8.7%; Putty:50.0%; General:6.2%,-77.73,0.0
KS131,Strong Build,AP,Amit Patel,33.7,at_risk,At-Risk,🟠,0.33,0.17,0.08,4.2,0,0.0,40,0.0,7,7,"Accessories, Enamel, General, PVA Paints, Primers, Putty, Woodcare",63.6,40.7,PVA Paints:3.6%; Enamel:4.9%; Primers:5.0%; Woodcare:4.0%; Putty:37.5%; General:4.2%; Accessories:12.1%,0.0,50.0
KD033,DIY Depo ( Petrus Styne),AP,Amit Patel,33.6,at_risk,At-Risk,🟠,0.33,0.5,0.42,12.5,0,0.0,80,0.0,9,7,"Accessories, Enamel, Floor & Roof Paints, General, Primers, QD Enamel, Woodcare",70.9,61.5,Enamel:20.8%; Primers:10.0%; Woodcare:60.0%; QD Enamel:2.9%; Floor & Roof Paints:6.8%; General:4.2%; Accessories:3.0%,-51.26,0.0
KN022,M H I Hardware (Nkambako H/W,BV,Bhadresh Vallabh,33.5,dormant,Dead / Dormant,🔴,0.0,0.0,0.5,0.0,3,0.5,305,5.0,9,9,"Accessories, Enamel, Floor & Roof Paints, General, PVA Paints, Primers, QD Enamel, Waterproofing, Woodcare",81.8,55.0,Enamel:8.7%; Floor & Roof Paints:6.8%; Primers:15.0%; Waterproofing:15.8%; Woodcare:48.0%; General:4.2%; QD Enamel:11.5%; Accessories:12.1%; PVA Paints:1.6%,,0.0
KW013,Wood Corner Pty Ltd,BV,Bhadresh Vallabh,33.3,at_risk,At-Risk,🟠,0.67,0.5,0.5,12.5,3,0.5,63,25.0,8,7,"Accessories, Enamel, PVA Paints, Primers, QD Enamel, Specialised Coatings, Woodcare",67.3,41.3,PVA Paints:0.3%; Primers:10.0%; Woodcare:48.0%; Specialised Coatings:8.3%; QD Enamel:1.0%; Enamel:1.6%; Accessories:3.0%,-37.75,0.0
KG010,Gardees (Pty) Ltd,BV,Bhadresh Vallabh,33.1,at_risk,At-Risk,🟠,0.33,0.5,0.58,12.5,0,0.0,76,0.0,8,8,"Accessories, Enamel, General, PVA Paints, Primers, Putty, QD Enamel, Woodcare",72.7,54.7,Enamel:10.9%; Accessories:18.2%; Primers:5.0%; General:14.6%; QD Enamel:2.9%; PVA Paints:1.3%; Woodcare:44.0%; Putty:12.5%,-154.36,0.0
KS005,Skeerpoort Handelhuis,BV,Bhadresh Vallabh,32.9,dormant,Dead / Dormant,🔴,0.0,0.33,0.83,8.2,4,0.67,173,13.3,5,3,"Enamel, Putty, QD Enamel",34.5,73.2,QD Enamel:3.8%; Enamel:1.1%; Putty:50.0%,0.0,50.0
KB007,F.Bham & Co,BV,Bhadresh Vallabh,32.8,at_risk,At-Risk,🟠,0.33,1.0,0.92,25.0,0,0.0,60,0.0,9,7,"Accessories, Enamel, Floor & Roof Paints, PVA Paints, Putty, Waterproofing, Woodcare",70.9,34.9,PVA Paints:3.2%; Enamel:6.6%; Floor & Roof Paints:1.4%; Waterproofing:5.3%; Woodcare:20.0%; Putty:12.5%; Accessories:12.1%,-45.09,0.0
KM094,Al-Kauthar Inv TA Mas HW,AP,Amit Patel,32.8,at_risk,At-Risk,🟠,0.33,0.17,0.25,4.2,0,0.0,81,0.0,9,6,"Accessories, Enamel, Floor & Roof Paints, PVA Paints, Primers, Waterproofing",65.5,30.6,PVA Paints:4.5%; Enamel:10.9%; Primers:5.0%; Waterproofing:21.1%; Floor & Roof Paints:1.4%; Accessories:3.0%,0.0,50.0
KA101,AD Fancy Goods TA,BV,Bhadresh Vallabh,32.5,at_risk,At-Risk,🟠,1.0,0.67,0.83,16.8,0,0.0,12,0.0,9,6,"Accessories, Enamel, PVA Paints, Putty, QD Enamel, Woodcare",65.5,57.4,Enamel:13.1%; Putty:37.5%; QD Enamel:1.9%; PVA Paints:2.6%; Woodcare:28.0%; Accessories:3.0%,-23.31,0.0
KL006,LCS Wholesalers (Kanye) P L,NP,Nikhil Panchal,31.8,dormant,Dead / Dormant,🔴,0.0,0.17,0.08,4.2,0,0.0,151,0.0,7,5,"Primers, Putty, QD Enamel, Waterproofing, Woodcare",52.7,49.4,Primers:2.5%; Waterproofing:10.5%; Woodcare:20.0%; Putty:25.0%; QD Enamel:3.8%,0.0,50.0
KQ001,Khavhande Trading store,NP,Nikhil Panchal,31.4,at_risk,At-Risk,🟠,0.67,0.67,0.67,16.8,0,0.0,54,0.0,8,5,"Accessories, Enamel, General, QD Enamel, Woodcare",56.4,68.8,Enamel:16.9%; Woodcare:40.0%; General:8.3%; Accessories:12.1%; QD Enamel:8.7%,-54.71,0.0
KV003,Volta Hardware,Z1,Z1,31.3,dormant,Dead / Dormant,🔴,0.0,0.5,0.75,12.5,0,0.0,151,0.0,4,4,"Enamel, Floor & Roof Paints, General, Woodcare",36.4,65.2,Enamel:9.8%; Woodcare:36.0%; General:16.7%; Floor & Roof Paints:2.7%,0.0,50.0
KV007,Vendaland H W & Furniture,AP,Amit Patel,31.1,at_risk,At-Risk,🟠,0.33,0.17,0.58,4.2,2,0.33,70,16.7,5,5,"Accessories, Enamel, Floor & Roof Paints, PVA Paints, Woodcare",45.5,42.8,PVA Paints:1.3%; Floor & Roof Paints:1.4%; Woodcare:36.0%; Accessories:12.1%; Enamel:2.7%,0.0,50.0
KD062,Deanans Auto Paints,AC,Aboo Cassim,30.8,dormant,Dead / Dormant,🔴,0.0,0.67,0.83,16.8,6,1.0,147,30.0,2,2,"Accessories, PVA Paints",18.2,10.6,PVA Paints:2.3%; Accessories:3.0%,128.76,100.0
KF032,Alex Hardware,NP,Nikhil Panchal,30.7,dormant,Dead / Dormant,🔴,0.0,0.0,0.42,0.0,0,0.0,230,0.0,10,10,"Accessories, Enamel, Floor & Roof Paints, General, PVA Paints, Primers, Putty, QD Enamel, Waterproofing, Woodcare",90.9,23.1,Enamel:4.9%; Floor & Roof Paints:10.8%; Woodcare:12.0%; General:2.1%; PVA Paints:1.0%; QD Enamel:3.8%; Primers:5.0%; Waterproofing:2.6%; Putty:12.5%; Accessories:3.0%,,0.0
KM013,Moollas Hardware & Furniture,NP,Nikhil Panchal,30.5,at_risk,At-Risk,🟠,1.0,0.67,0.92,16.8,4,0.67,47,33.3,8,4,"Enamel, PVA Paints, Primers, QD Enamel",50.9,40.0,Enamel:23.5%; PVA Paints:6.1%; QD Enamel:2.9%; Primers:7.5%,-59.63,0.0
KP048,P Shah,Z1,Z1,30.4,at_risk,At-Risk,🟠,1.0,1.0,2.83,25.0,0,0.0,3,0.0,8,8,"Accessories, Enamel, Floor & Roof Paints, General, PVA Paints, Primers, Waterproofing, Woodcare",72.7,15.6,PVA Paints:3.9%; Enamel:3.3%; Waterproofing:7.9%; Accessories:6.1%; Woodcare:4.0%; General:2.1%; Floor & Roof Paints:1.4%; Primers:2.5%,-12.83,0.0
KM164,Mas Hardware,AP,Amit Patel,30.3,dormant,Dead / Dormant,🔴,0.0,0.17,0.08,4.2,1,0.17,112,0.0,7,7,"Accessories, Enamel, General, PVA Paints, Primers, QD Enamel, Woodcare",63.6,17.5,PVA Paints:1.9%; Enamel:6.6%; Primers:5.0%; Woodcare:8.0%; General:4.2%; Accessories:3.0%; QD Enamel:1.9%,0.0,50.0
KU009,Unibiz Exports Trading,AC,Aboo Cassim,29.5,dormant,Dead / Dormant,🔴,0.0,0.17,0.08,4.2,5,0.83,98,21.7,1,1,Woodcare,9.1,100.0,Woodcare:28.0%,0.0,50.0
KU005,Candyland General Trading,AP,Amit Patel,29.0,dormant,Dead / Dormant,🔴,0.0,0.5,0.58,12.5,0,0.0,98,0.0,9,6,"Accessories, Enamel, Floor & Roof Paints, PVA Paints, Primers, QD Enamel",65.5,41.3,Enamel:23.5%; PVA Paints:5.5%; Floor & Roof Paints:13.5%; QD Enamel:11.5%; Primers:5.0%; Accessories:3.0%,-58.67,0.0
KH048,Hardware City,AC,Aboo Cassim,29.0,at_risk,At-Risk,🟠,0.67,0.67,1.0,16.8,0,0.0,7,0.0,6,4,"Enamel, Floor & Roof Paints, PVA Paints, Woodcare",43.6,78.1,Woodcare:68.0%; Enamel:4.4%; Floor & Roof Paints:5.4%; PVA Paints:0.3%,-18.15,0.0
KM163,Maxi Hardware,BV,Bhadresh Vallabh,28.9,at_risk,At-Risk,🟠,0.67,0.5,0.33,12.5,4,0.67,3,33.3,6,6,"Enamel, General, PVA Paints, Primers, QD Enamel, Woodcare",54.5,29.8,PVA Paints:4.9%; Enamel:7.1%; Primers:2.5%; Woodcare:16.0%; General:10.4%; QD Enamel:3.8%,-27.43,0.0
KZ011,Z Build Khubvi,AP,Amit Patel,28.8,dormant,Dead / Dormant,🔴,0.0,0.33,0.5,8.2,0,0.0,95,0.0,8,7,"Accessories, Enamel, General, PVA Paints, Putty, QD Enamel, Waterproofing",67.3,43.8,PVA Paints:2.3%; Enamel:7.1%; Putty:37.5%; Accessories:12.1%; Waterproofing:10.5%; QD Enamel:2.9%; General:4.2%,-33.18,0.0
KM091,Malebeswa Investment (Pty) Ltd,NP,Nikhil Panchal,28.5,dormant,Dead / Dormant,🔴,0.0,0.33,0.17,8.2,2,0.33,118,0.0,8,8,"Enamel, General, PVA Paints, Primers, Putty, QD Enamel, Waterproofing, Woodcare",72.7,30.9,PVA Paints:1.0%; Primers:2.5%; Enamel:5.5%; Waterproofing:15.8%; Woodcare:8.0%; Putty:12.5%; QD Enamel:1.9%; General:14.6%,-125.18,0.0
KP013,Patels Hardware,BV,Bhadresh Vallabh,28.5,at_risk,At-Risk,🟠,0.33,0.17,0.5,4.2,0,0.0,33,0.0,6,5,"Accessories, Floor & Roof Paints, General, PVA Paints, Putty",49.1,34.5,PVA Paints:5.5%; Putty:25.0%; Accessories:9.1%; Floor & Roof Paints:1.4%; General:2.1%,0.0,50.0
KJ039,Jabula HW,NP,Nikhil Panchal,28.4,at_risk,At-Risk,🟠,0.33,0.17,0.08,4.2,2,0.33,66,16.7,5,5,"Accessories, Enamel, PVA Paints, QD Enamel, Waterproofing",45.5,24.8,Enamel:9.8%; Waterproofing:7.9%; PVA Paints:2.6%; QD Enamel:7.7%; Accessories:3.0%,0.0,50.0
KR003,Ammo Distributors (PTY) LTD,NP,Nikhil Panchal,28.0,dormant,Dead / Dormant,🔴,0.0,0.33,0.33,8.2,0,0.0,97,0.0,9,6,"Enamel, General, PVA Paints, Primers, QD Enamel, Woodcare",65.5,42.1,PVA Paints:0.3%; Primers:7.5%; Enamel:8.2%; Woodcare:32.0%; General:10.4%; QD Enamel:4.8%,-57.68,0.0
KF033,241 Fairview,BM,Byron Minnie,27.7,at_risk,At-Risk,🟠,0.33,0.17,2.0,4.2,0,0.0,18,0.0,6,6,"Accessories, Enamel, Floor & Roof Paints, PVA Paints, Primers, Woodcare",54.5,18.4,Floor & Roof Paints:2.7%; Primers:10.0%; PVA Paints:1.3%; Accessories:9.1%; Enamel:0.5%; Woodcare:4.0%,0.0,50.0
KU006,U Save Glass and Hardware,AP,Amit Patel,27.7,at_risk,At-Risk,🟠,0.33,0.5,0.42,12.5,1,0.17,21,8.3,7,4,"Accessories, General, PVA Paints, Putty",47.3,61.1,PVA Paints:3.9%; Putty:50.0%; General:4.2%; Accessories:3.0%,-33.28,0.0
KT014,Timber City,AC,Aboo Cassim,27.6,at_risk,At-Risk,🟠,1.34,1.0,0.75,25.0,0,0.0,24,0.0,4,4,"Accessories, General, Putty, QD Enamel",36.4,62.2,Accessories:21.2%; General:8.3%; QD Enamel:7.7%; Putty:25.0%,-8.6,7.0
KA106,Afia PTY (LTD) t/a,NP,Nikhil Panchal,27.5,at_risk,At-Risk,🟠,0.33,0.33,0.17,8.2,0,0.0,90,0.0,8,7,"Accessories, Enamel, Floor & Roof Paints, Primers, QD Enamel, Specialised Coatings, Woodcare",67.3,35.4,Enamel:2.2%; Floor & Roof Paints:10.8%; Primers:5.0%; Specialised Coatings:8.3%; Accessories:6.1%; QD Enamel:13.5%; Woodcare:16.0%,-31.97,0.0
KB085,Best Build Hardware,AC,Aboo Cassim,27.3,dormant,Dead / Dormant,🔴,0.0,0.0,0.08,0.0,0,0.0,361,0.0,6,6,"Accessories, Floor & Roof Paints, General, PVA Paints, Waterproofing, Woodcare",54.5,73.1,PVA Paints:4.9%; Floor & Roof Paints:5.4%; Waterproofing:21.1%; Woodcare:68.0%; General:4.2%; Accessories:6.1%,,0.0
KM031,Mica Hardware - Purple Rain,NP,Nikhil Panchal,26.8,narrow,Active but Narrow,🟡,1.34,1.5,1.25,37.5,4,0.67,4,33.3,3,2,"Enamel, PVA Paints",21.8,39.0,Enamel:16.9%; PVA Paints:2.6%,-31.69,0.0
KM076,Moosas Supermarket,AP,Amit Patel,26.6,dormant,Dead / Dormant,🔴,0.0,0.0,0.17,0.0,4,0.67,193,13.3,7,6,"Enamel, Floor & Roof Paints, General, PVA Paints, Putty, Woodcare",58.2,47.9,PVA Paints:1.3%; Enamel:8.7%; Floor & Roof Paints:4.1%; Woodcare:16.0%; General:4.2%; Putty:37.5%,,0.0
KR045,Rohaan Hardware,BV,Bhadresh Vallabh,25.9,at_risk,At-Risk,🟠,0.33,0.17,0.08,4.2,0,0.0,33,0.0,4,4,"Enamel, PVA Paints, QD Enamel, Woodcare",36.4,42.8,PVA Paints:2.9%; Enamel:7.1%; Woodcare:28.0%; QD Enamel:4.8%,0.0,50.0
KF009,Fairplay Store,BV,Bhadresh Vallabh,25.9,at_risk,At-Risk,🟠,1.0,1.17,1.08,29.2,0,0.0,5,0.0,5,5,"Accessories, Enamel, Primers, QD Enamel, Waterproofing",45.5,33.3,Enamel:13.1%; Waterproofing:21.1%; QD Enamel:1.9%; Accessories:3.0%; Primers:2.5%,-30.09,0.0
KB075,Burgersfort Wood Centre,AP,Amit Patel,25.7,dormant,Dead / Dormant,🔴,0.0,0.17,0.17,4.2,0,0.0,165,0.0,7,5,"PVA Paints, Primers, QD Enamel, Waterproofing, Woodcare",52.7,8.9,PVA Paints:1.0%; Primers:2.5%; Woodcare:4.0%; QD Enamel:1.0%; Waterproofing:2.6%,0.0,50.0
KA116,Allandale Trading CC,BM,Byron Minnie,25.5,at_risk,At-Risk,🟠,0.33,0.17,0.08,4.2,0,0.0,49,0.0,4,4,"PVA Paints, Primers, QD Enamel, Woodcare",36.4,40.4,PVA Paints:1.0%; Primers:17.5%; Woodcare:20.0%; QD Enamel:1.9%,0.0,50.0
KB114,Builderstown Hyper (PTY) LTD,AP,Amit Patel,24.9,at_risk,At-Risk,🟠,0.67,0.33,0.17,8.2,0,0.0,7,0.0,6,6,"Enamel, Floor & Roof Paints, General, PVA Paints, Primers, QD Enamel",54.5,43.3,PVA Paints:18.1%; Enamel:1.6%; Floor & Roof Paints:8.1%; Primers:5.0%; General:6.2%; QD Enamel:26.0%,-144.71,0.0
KC008,C G Industrial Equipment P L,NP,Nikhil Panchal,24.9,at_risk,At-Risk,🟠,0.67,0.84,1.0,21.0,0,0.0,24,0.0,4,4,"Accessories, Enamel, QD Enamel, Specialised Coatings",36.4,41.7,Enamel:13.1%; QD Enamel:5.8%; Specialised Coatings:16.7%; Accessories:6.1%,-6.72,16.4
KF030,Fairplay Hardware (Mabopane),BV,Bhadresh Vallabh,24.6,dormant,Dead / Dormant,🔴,0.0,0.17,0.08,4.2,0,0.0,109,0.0,5,4,"Accessories, Enamel, Primers, Waterproofing",40.0,27.2,Primers:2.5%; Enamel:3.3%; Waterproofing:18.4%; Accessories:3.0%,0.0,50.0
KM105,Monyakeng Hardware,AP,Amit Patel,24.4,dormant,Dead / Dormant,🔴,0.0,0.33,0.33,8.2,2,0.33,116,0.0,7,7,"Accessories, Enamel, Floor & Roof Paints, PVA Paints, Primers, QD Enamel, Waterproofing",63.6,22.0,PVA Paints:2.6%; Floor & Roof Paints:4.1%; Enamel:9.8%; Primers:5.0%; Waterproofing:5.3%; QD Enamel:8.7%; Accessories:3.0%,-57.47,0.0
KA103,Al Madinah Hardware,AC,Aboo Cassim,24.2,dormant,Dead / Dormant,🔴,0.0,0.5,0.42,12.5,0,0.0,95,0.0,7,5,"Enamel, Floor & Roof Paints, Primers, QD Enamel, Specialised Coatings",52.7,35.1,Enamel:7.7%; Primers:5.0%; Specialised Coatings:16.7%; Floor & Roof Paints:6.8%; QD Enamel:7.7%,-11.67,0.0
KM141,Memel Hardware,AP,Amit Patel,23.7,at_risk,At-Risk,🟠,0.33,0.17,0.17,4.2,0,0.0,21,0.0,3,3,"General, PVA Paints, Putty",27.3,46.1,PVA Paints:1.3%; Putty:25.0%; General:8.3%,0.0,50.0
KT027,Totalbuild,AC,Aboo Cassim,23.5,dormant,Dead / Dormant,🔴,0.0,0.0,0.17,0.0,0,0.0,248,0.0,7,6,"Accessories, Enamel, General, PVA Paints, Waterproofing, Woodcare",58.2,40.3,PVA Paints:2.6%; Enamel:4.4%; Woodcare:32.0%; Waterproofing:13.2%; General:2.1%; Accessories:6.1%,,0.0
KR041,Raza Auto Spares,BV,Bhadresh Vallabh,23.4,at_risk,At-Risk,🟠,0.33,0.33,0.33,8.2,0,0.0,7,0.0,1,1,Accessories,9.1,24.4,Accessories:6.1%,20.29,100.0
KF031,Fairplay Kwamhlange (PTY) Ltd,BV,Bhadresh Vallabh,22.5,at_risk,At-Risk,🟠,0.33,0.5,0.42,12.5,0,0.0,60,0.0,5,5,"Accessories, Enamel, Primers, QD Enamel, Waterproofing",45.5,38.0,Enamel:11.5%; Waterproofing:21.1%; QD Enamel:1.9%; Accessories:3.0%; Primers:10.0%,-42.33,0.0
KK036,Khotawala Hardware,NP,Nikhil Panchal,22.2,dormant,Dead / Dormant,🔴,0.0,0.33,0.17,8.2,0,0.0,98,0.0,6,5,"Accessories, Enamel, General, Primers, Woodcare",49.1,36.0,Enamel:10.9%; Primers:5.0%; Woodcare:24.0%; Accessories:3.0%; General:2.1%,-36.3,0.0
KT035,Totalbuild (Vosloorus),AC,Aboo Cassim,22.0,dormant,Dead / Dormant,🔴,0.0,0.0,0.08,0.0,0,0.0,313,0.0,6,6,"Accessories, Enamel, General, PVA Paints, Waterproofing, Woodcare",54.5,37.9,PVA Paints:1.3%; Enamel:2.7%; Waterproofing:10.5%; Woodcare:32.0%; General:4.2%; Accessories:6.1%,,0.0
KM096,Mykatrade 510 (Pty) Ltd,AP,Amit Patel,21.5,dormant,Dead / Dormant,🔴,0.0,0.0,0.17,0.0,3,0.5,209,5.0,8,5,"Enamel, Floor & Roof Paints, PVA Paints, Primers, QD Enamel",56.4,25.3,PVA Paints:5.8%; Enamel:10.4%; Floor & Roof Paints:8.1%; Primers:2.5%; QD Enamel:4.8%,,0.0
KA110,Ace Steel And Roofing,NP,Nikhil Panchal,21.3,at_risk,At-Risk,🟠,1.34,0.84,0.83,21.0,0,0.0,12,0.0,1,1,Enamel,9.1,4.4,Enamel:1.1%,6.87,84.4
KE037,Epic Foods (Pty) Ltd,AC,Aboo Cassim,21.0,at_risk,At-Risk,🟠,0.67,0.67,0.5,16.8,0,0.0,31,0.0,7,5,"Enamel, Floor & Roof Paints, PVA Paints, Primers, QD Enamel",52.7,6.6,Primers:5.0%; Floor & Roof Paints:1.4%; QD Enamel:1.0%; PVA Paints:0.3%; Enamel:0.5%,-70.97,0.0
KB022,Bethani Hardware,BV,Bhadresh Vallabh,20.9,at_risk,At-Risk,🟠,0.33,0.5,0.42,12.5,0,0.0,26,0.0,4,2,"PVA Paints, QD Enamel",25.5,12.8,PVA Paints:1.6%; QD Enamel:4.8%,0.92,54.6
KE040,Exclusive Wholesalers,AC,Aboo Cassim,19.9,dormant,Dead / Dormant,🔴,0.0,0.17,0.92,4.2,0,0.0,95,0.0,2,2,"PVA Paints, Waterproofing",18.2,39.4,PVA Paints:6.5%; Waterproofing:13.2%,0.0,50.0
KE031,IL Molino (PTY) Ltd,AC,Aboo Cassim,19.8,at_risk,At-Risk,🟠,0.33,0.5,0.5,12.5,0,0.0,6,0.0,6,5,"Accessories, Enamel, PVA Paints, Primers, QD Enamel",49.1,13.2,Enamel:1.6%; Primers:7.5%; PVA Paints:0.3%; Accessories:6.1%; QD Enamel:1.0%,-39.96,0.0
KV010,V S General  Dealers,AP,Amit Patel,19.6,dormant,Dead / Dormant,🔴,0.0,0.0,0.25,0.0,0,0.0,227,0.0,7,4,"Accessories, Enamel, PVA Paints, Woodcare",47.3,36.0,PVA Paints:0.6%; Accessories:12.1%; Enamel:3.3%; Woodcare:20.0%,,0.0
KP060,Pepper Tree Lane Body Corporat,BM,Byron Minnie,19.0,at_risk,At-Risk,🟠,0.33,0.33,0.33,8.2,0,0.0,49,0.0,4,4,"Accessories, Primers, Specialised Coatings, Waterproofing",36.4,40.0,Specialised Coatings:16.7%; Primers:2.5%; Accessories:18.2%; Waterproofing:2.6%,-168.64,0.0
KS003,S.M. Hardware,NP,Nikhil Panchal,19.0,dormant,Dead / Dormant,🔴,0.0,0.0,0.17,0.0,1,0.17,191,0.0,4,3,"Accessories, General, Putty",30.9,65.1,Putty:37.5%; General:8.3%; Accessories:3.0%,,0.0
KA045,Africa Hardware,NP,Nikhil Panchal,18.7,dormant,Dead / Dormant,🔴,0.0,0.0,0.08,0.0,0,0.0,248,0.0,7,2,"PVA Paints, Putty",36.4,52.0,PVA Paints:1.0%; Putty:25.0%,,0.0
KI016,Iconic Hardware,AP,Amit Patel,18.4,dormant,Dead / Dormant,🔴,0.0,0.0,0.08,0.0,0,0.0,227,0.0,6,6,"Accessories, Enamel, PVA Paints, Primers, QD Enamel, Woodcare",54.5,13.6,Enamel:1.6%; Primers:2.5%; Woodcare:8.0%; PVA Paints:0.3%; Accessories:6.1%; QD Enamel:1.9%,,0.0
KK039,Key 2 Africa Wholesalers (PTY),KM,KM,17.7,dormant,Dead / Dormant,🔴,0.0,0.17,0.33,4.2,0,0.0,167,0.0,3,3,"PVA Paints, Primers, QD Enamel",27.3,6.4,QD Enamel:1.0%; PVA Paints:1.3%; Primers:2.5%,0.0,50.0
KB113,Burj Khalifa Properties (PTY),KM,KM,17.7,at_risk,At-Risk,🟠,0.33,0.17,0.17,4.2,0,0.0,26,0.0,3,3,"PVA Paints, Primers, QD Enamel",27.3,6.4,QD Enamel:1.0%; PVA Paints:1.3%; Primers:2.5%,0.0,50.0
KB053,Mekka Hardware,AP,Amit Patel,16.8,dormant,Dead / Dormant,🔴,0.0,0.0,0.08,0.0,0,0.0,301,0.0,7,4,"Accessories, Enamel, Floor & Roof Paints, Woodcare",47.3,17.5,Enamel:3.8%; Woodcare:8.0%; Floor & Roof Paints:2.7%; Accessories:3.0%,,0.0
KP046,Pride Pak Packaging,BV,Bhadresh Vallabh,16.6,dormant,Dead / Dormant,🔴,0.0,0.17,0.5,4.2,0,0.0,105,0.0,3,2,"Accessories, General",21.8,10.2,General:2.1%; Accessories:3.0%,0.0,50.0
KP029,Paragon Design,Z1,Z1,16.6,dormant,Dead / Dormant,🔴,0.0,0.17,0.25,4.2,0,0.0,158,0.0,2,2,"Accessories, Waterproofing",18.2,17.4,Waterproofing:2.6%; Accessories:6.1%,0.0,50.0
KA114,AMK Hardware,BV,Bhadresh Vallabh,16.6,dormant,Dead / Dormant,🔴,0.0,0.0,0.08,0.0,1,0.17,200,0.0,5,5,"Accessories, Enamel, Primers, QD Enamel, Waterproofing",45.5,19.8,Enamel:3.8%; Primers:5.0%; Waterproofing:5.3%; QD Enamel:7.7%; Accessories:3.0%,,0.0
KF022,F A P Holdings Pty Ltd ta KGN,NP,Nikhil Panchal,16.0,at_risk,At-Risk,🟠,0.33,0.33,0.33,8.2,0,0.0,77,0.0,4,4,"Accessories, Floor & Roof Paints, PVA Paints, Waterproofing",36.4,20.2,PVA Paints:2.6%; Floor & Roof Paints:4.1%; Waterproofing:10.5%; Accessories:3.0%,-23.01,0.0
KT057,Takolias Hardware Devland,AC,Aboo Cassim,16.0,at_risk,At-Risk,🟠,0.33,0.33,0.33,8.2,3,0.5,19,25.0,2,2,"Enamel, General",18.2,31.4,General:14.6%; Enamel:1.1%,-101.97,0.0
KA108,Azhari Auto Spares,AP,Amit Patel,15.9,dormant,Dead / Dormant,🔴,0.0,0.33,0.33,8.2,0,0.0,151,0.0,1,1,Accessories,9.1,24.4,Accessories:6.1%,0.0,50.0
KR042,RNC Group,KM,KM,15.7,dormant,Dead / Dormant,🔴,0.0,0.0,0.5,0.0,0,0.0,194,0.0,7,4,"Accessories, PVA Paints, Primers, QD Enamel",47.3,10.0,PVA Paints:1.0%; Primers:5.0%; Accessories:3.0%; QD Enamel:1.0%,,0.0
KS130,Mashaole General Dealer,BV,Bhadresh Vallabh,15.4,dormant,Dead / Dormant,🔴,0.0,0.0,0.08,0.0,0,0.0,322,0.0,4,4,"Accessories, Enamel, General, QD Enamel",36.4,30.2,Enamel:12.0%; General:8.3%; Accessories:6.1%; QD Enamel:3.8%,,0.0
KZ008,Zonelite Enterprises Pty Ltd,NP,Nikhil Panchal,15.3,dormant,Dead / Dormant,🔴,0.0,0.0,0.08,0.0,1,0.17,265,0.0,4,4,"Enamel, Primers, Waterproofing, Woodcare",36.4,29.0,Enamel:5.5%; Primers:5.0%; Waterproofing:10.5%; Woodcare:8.0%,,0.0
KA117,African Hardware,AP,Amit Patel,15.1,at_risk,At-Risk,🟠,0.33,0.17,0.08,4.2,0,0.0,39,0.0,2,2,"PVA Paints, QD Enamel",18.2,7.6,PVA Paints:1.9%; QD Enamel:1.9%,0.0,50.0
KB084,Builders at Bloem Pty Ltd,AP,Amit Patel,14.9,dormant,Dead / Dormant,🔴,0.0,0.0,0.08,0.0,0,0.0,213,0.0,10,2,"Floor & Roof Paints, QD Enamel",47.3,4.8,Floor & Roof Paints:1.4%; QD Enamel:1.0%,,0.0
KS016,Super Stores Hardware & Elec,AC,Aboo Cassim,14.8,at_risk,At-Risk,🟠,0.67,0.5,0.42,12.5,0,0.0,11,0.0,4,2,"Enamel, QD Enamel",25.5,11.8,Enamel:4.9%; QD Enamel:1.0%,-6.97,15.1
KO011,One Day Only,QL,QL,13.8,dormant,Dead / Dormant,🔴,0.0,0.0,0.33,0.0,0,0.0,264,0.0,4,4,"Accessories, PVA Paints, Waterproofing, Woodcare",36.4,19.1,PVA Paints:1.6%; Waterproofing:10.5%; Accessories:3.0%; Woodcare:4.0%,,0.0
KB077,BAPS  MAYFAIR,Z1,Z1,13.8,dormant,Dead / Dormant,🔴,0.0,0.33,0.17,8.2,0,0.0,167,0.0,1,1,Primers,9.1,10.0,Primers:2.5%,0.0,50.0
KL037,Lavender Moon Trading ta,NP,Nikhil Panchal,13.1,dormant,Dead / Dormant,🔴,0.0,0.17,0.17,4.2,0,0.0,165,0.0,1,1,Accessories,9.1,12.0,Accessories:3.0%,0.0,50.0
KJ037,Jad Doors (PTY) LTD,AC,Aboo Cassim,12.9,at_risk,At-Risk,🟠,0.67,0.5,0.83,12.5,0,0.0,67,0.0,6,1,Floor & Roof Paints,27.3,10.8,Floor & Roof Paints:2.7%,-100.0,0.0
KD061,DIY Tool Time,AC,Aboo Cassim,12.9,dormant,Dead / Dormant,🔴,0.0,0.0,0.08,0.0,0,0.0,363,0.0,4,4,"Accessories, Enamel, QD Enamel, Waterproofing",36.4,13.0,Enamel:1.1%; Waterproofing:7.9%; QD Enamel:1.0%; Accessories:3.0%,,0.0
KB082,Bobras Hardware,AP,Amit Patel,12.4,dormant,Dead / Dormant,🔴,0.0,0.17,0.08,4.2,0,0.0,142,0.0,1,1,QD Enamel,9.1,7.6,QD Enamel:1.9%,0.0,50.0
KS120,Shriya & Yatika Investments CC,KM,KM,12.1,dormant,Dead / Dormant,🔴,0.0,0.0,0.42,0.0,0,0.0,333,0.0,7,2,"Accessories, QD Enamel",36.4,8.0,QD Enamel:1.0%; Accessories:3.0%,,0.0
KZ005,Zarina,Z1,Z1,12.1,at_risk,At-Risk,🟠,0.33,0.17,0.08,4.2,0,0.0,56,0.0,1,1,Floor & Roof Paints,9.1,5.6,Floor & Roof Paints:1.4%,0.0,50.0
KK021/4,KK021/4,?,?,12.0,dormant,Dead / Dormant,🔴,0.0,0.0,0.0,0.0,0,0.0,445,0.0,11,0,,40.0,0.0,,,0.0
KK021/1,KK021/1,?,?,12.0,dormant,Dead / Dormant,🔴,0.0,0.0,0.0,0.0,0,0.0,445,0.0,11,0,,40.0,0.0,,,0.0
KS019/6,KS019/6,?,?,12.0,dormant,Dead / Dormant,🔴,0.0,0.0,0.0,0.0,0,0.0,509,0.0,11,0,,40.0,0.0,,,0.0
KF034,Faeez Cassim,AC,Aboo Cassim,12.0,dormant,Dead / Dormant,🔴,0.0,0.33,0.25,8.2,0,0.0,94,0.0,3,3,"Accessories, Primers, QD Enamel",27.3,12.0,Accessories:3.0%; Primers:5.0%; QD Enamel:1.0%,-23.26,0.0
KB071/1,KB071/1,?,?,12.0,dormant,Dead / Dormant,🔴,0.0,0.0,0.0,0.0,0,0.0,455,0.0,11,0,,40.0,0.0,,,0.0
KK021/2,KK021/2,?,?,12.0,dormant,Dead / Dormant,🔴,0.0,0.0,0.0,0.0,0,0.0,445,0.0,11,0,,40.0,0.0,,,0.0
KH050,Hope and Harmony Projects,BV,Bhadresh Vallabh,11.6,at_risk,At-Risk,🟠,0.33,0.17,0.08,4.2,0,0.0,87,0.0,1,1,PVA Paints,9.1,2.4,PVA Paints:0.6%,0.0,50.0
KS019/5,KS019/5,?,?,10.9,dormant,Dead / Dormant,🔴,0.0,0.0,0.0,0.0,0,0.0,454,0.0,10,0,,36.4,0.0,,,0.0
KS019/2,KS019/2,?,?,10.9,dormant,Dead / Dormant,🔴,0.0,0.0,0.0,0.0,0,0.0,476,0.0,10,0,,36.4,0.0,,,0.0
KS019/1,KS019/1,?,?,10.9,dormant,Dead / Dormant,🔴,0.0,0.0,0.0,0.0,0,0.0,475,0.0,10,0,,36.4,0.0,,,0.0
KM148,Aaliya Hardware,NP,Nikhil Panchal,10.9,dormant,Dead / Dormant,🔴,0.0,0.0,0.0,0.0,0,0.0,369,0.0,10,0,,36.4,0.0,,,0.0
KH028,OMELA DHABI & SON CC,BV,Bhadresh Vallabh,10.9,dormant,Dead / Dormant,🔴,0.0,0.0,0.0,0.0,1,0.17,511,0.0,10,0,,36.4,0.0,,,0.0
KR008/1,KR008/1,?,?,10.9,dormant,Dead / Dormant,🔴,0.0,0.0,0.0,0.0,0,0.0,476,0.0,10,0,,36.4,0.0,,,0.0
KR008/3,KR008/3,?,?,10.9,dormant,Dead / Dormant,🔴,0.0,0.0,0.0,0.0,0,0.0,469,0.0,10,0,,36.4,0.0,,,0.0
KE005/1,KE005/1,?,?,10.9,dormant,Dead / Dormant,🔴,0.0,0.0,0.0,0.0,0,0.0,466,0.0,10,0,,36.4,0.0,,,0.0
KP030/1,KP030/1,?,?,10.9,dormant,Dead / Dormant,🔴,0.0,0.0,0.0,0.0,0,0.0,462,0.0,10,0,,36.4,0.0,,,0.0
KP005/3,KP005/3,?,?,10.9,dormant,Dead / Dormant,🔴,0.0,0.0,0.0,0.0,0,0.0,468,0.0,10,0,,36.4,0.0,,,0.0
KJ022,Jane Furse Building Supply,AP,Amit Patel,10.9,dormant,Dead / Dormant,🔴,0.0,0.0,0.0,0.0,0,0.0,508,0.0,10,0,,36.4,0.0,,,0.0
KD014,Discount HW Homebuild,BV,Bhadresh Vallabh,10.9,dormant,Dead / Dormant,🔴,0.0,0.0,0.0,0.0,0,0.0,532,0.0,10,0,,36.4,0.0,,,0.0
KP005/1,KP005/1,?,?,10.9,dormant,Dead / Dormant,🔴,0.0,0.0,0.0,0.0,0,0.0,444,0.0,10,0,,36.4,0.0,,,0.0
KP018/1,KP018/1,?,?,10.9,dormant,Dead / Dormant,🔴,0.0,0.0,0.0,0.0,0,0.0,448,0.0,10,0,,36.4,0.0,,,0.0
KS017/1,KS017/1,?,?,10.9,dormant,Dead / Dormant,🔴,0.0,0.0,0.0,0.0,0,0.0,461,0.0,10,0,,36.4,0.0,,,0.0
KR008/2,KR008/2,?,?,10.9,dormant,Dead / Dormant,🔴,0.0,0.0,0.0,0.0,0,0.0,467,0.0,10,0,,36.4,0.0,,,0.0
KS019/7,KS019/7,?,?,10.9,dormant,Dead / Dormant,🔴,0.0,0.0,0.0,0.0,0,0.0,446,0.0,10,0,,36.4,0.0,,,0.0
KM101,Mevish Cash & Carry,AP,Amit Patel,10.6,dormant,Dead / Dormant,🔴,0.0,0.0,0.08,0.0,0,0.0,221,0.0,7,1,PVA Paints,30.9,9.2,PVA Paints:2.3%,,0.0
KP063,Projo Projects,BM,Byron Minnie,10.6,narrow,Active but Narrow,🟡,1.67,1.67,0.83,41.8,0,0.0,13,0.0,0,0,,0.0,0.0,,-9.74,1.3
KN033,Nimmi Investment,BV,Bhadresh Vallabh,10.6,dormant,Dead / Dormant,🔴,0.0,0.0,0.25,0.0,0,0.0,215,0.0,4,3,"Accessories, Enamel, Floor & Roof Paints",30.9,8.8,Enamel:2.2%; Floor & Roof Paints:1.4%; Accessories:3.0%,,0.0
KO012,Olympic Inspiration Studio,KM,KM,10.6,at_risk,At-Risk,🟠,1.0,0.5,0.25,12.5,0,0.0,47,0.0,0,0,,0.0,0.0,,0.0,50.0
KM022/1,KM022/1,?,?,9.8,dormant,Dead / Dormant,🔴,0.0,0.0,0.0,0.0,0,0.0,776,0.0,9,0,,32.7,0.0,,,0.0
KS011/1,KS011/1,?,?,9.8,dormant,Dead / Dormant,🔴,0.0,0.0,0.0,0.0,0,0.0,460,0.0,9,0,,32.7,0.0,,,0.0
KS061/1,KS061/1,?,?,9.8,dormant,Dead / Dormant,🔴,0.0,0.0,0.0,0.0,0,0.0,468,0.0,9,0,,32.7,0.0,,,0.0
KN024/9,KN024/9,?,?,9.8,dormant,Dead / Dormant,🔴,0.0,0.0,0.0,0.0,0,0.0,451,0.0,9,0,,32.7,0.0,,,0.0
KD015,Discount Hardware Kanyamazane,BV,Bhadresh Vallabh,9.8,dormant,Dead / Dormant,🔴,0.0,0.0,0.0,0.0,0,0.0,432,0.0,9,0,,32.7,0.0,,,0.0
KA008/1,KA008/1,?,?,9.8,dormant,Dead / Dormant,🔴,0.0,0.0,0.0,0.0,0,0.0,525,0.0,9,0,,32.7,0.0,,,0.0
KS103,Sameer IT,Z1,Z1,9.8,at_risk,At-Risk,🟠,1.0,0.5,0.33,12.5,0,0.0,12,0.0,2,2,"Floor & Roof Paints, Waterproofing",18.2,8.0,Floor & Roof Paints:1.4%; Waterproofing:2.6%,-131.87,0.0
KA008/2,KA008/2,?,?,9.8,dormant,Dead / Dormant,🔴,0.0,0.0,0.0,0.0,0,0.0,468,0.0,9,0,,32.7,0.0,,,0.0
KB093/1,KB093/1,?,?,9.8,dormant,Dead / Dormant,🔴,0.0,0.0,0.0,0.0,0,0.0,440,0.0,9,0,,32.7,0.0,,,0.0
KL004/1,KL004/1,?,?,9.8,dormant,Dead / Dormant,🔴,0.0,0.0,0.0,0.0,0,0.0,469,0.0,9,0,,32.7,0.0,,,0.0
KM027/4,KM027/4,?,?,9.8,dormant,Dead / Dormant,🔴,0.0,0.0,0.0,0.0,0,0.0,469,0.0,9,0,,32.7,0.0,,,0.0
KM027/9,KM027/9,?,?,9.8,dormant,Dead / Dormant,🔴,0.0,0.0,0.0,0.0,0,0.0,455,0.0,9,0,,32.7,0.0,,,0.0
KA056,A N Hardware,AP,Amit Patel,9.8,dormant,Dead / Dormant,🔴,0.0,0.0,0.0,0.0,0,0.0,508,0.0,9,0,,32.7,0.0,,,0.0
KP054,Premium Build Hardware,AC,Aboo Cassim,9.8,dormant,Dead / Dormant,🔴,0.0,0.0,0.0,0.0,0,0.0,390,0.0,9,0,,32.7,0.0,,,0.0
KM011,Quick Save Hardware,NP,Nikhil Panchal,9.6,dormant,Dead / Dormant,🔴,0.0,0.0,0.0,0.0,4,0.67,530,13.3,7,0,,25.5,0.0,,,0.0
KC055,CKW life Style (PTY) LTD,BM,Byron Minnie,9.5,dormant,Dead / Dormant,🔴,0.0,0.0,0.08,0.0,0,0.0,299,0.0,2,2,"Accessories, Floor & Roof Paints",18.2,27.0,Floor & Roof Paints:1.4%; Accessories:12.1%,,0.0
KN024/7,KN024/7,?,?,8.7,dormant,Dead / Dormant,🔴,0.0,0.0,0.0,0.0,0,0.0,451,0.0,8,0,,29.1,0.0,,,0.0
KN022/1,KN022/1,?,?,8.7,dormant,Dead / Dormant,🔴,0.0,0.0,0.0,0.0,0,0.0,526,0.0,8,0,,29.1,0.0,,,0.0
KP002/2,KP002/2,?,?,8.7,dormant,Dead / Dormant,🔴,0.0,0.0,0.0,0.0,0,0.0,535,0.0,8,0,,29.1,0.0,,,0.0
KP005/2,KP005/2,?,?,8.7,dormant,Dead / Dormant,🔴,0.0,0.0,0.0,0.0,0,0.0,479,0.0,8,0,,29.1,0.0,,,0.0
KN024/6,KN024/6,?,?,8.7,dormant,Dead / Dormant,🔴,0.0,0.0,0.0,0.0,0,0.0,462,0.0,8,0,,29.1,0.0,,,0.0
KN024/4,KN024/4,?,?,8.7,dormant,Dead / Dormant,🔴,0.0,0.0,0.0,0.0,0,0.0,451,0.0,8,0,,29.1,0.0,,,0.0
KN024/8,KN024/8,?,?,8.7,dormant,Dead / Dormant,🔴,0.0,0.0,0.0,0.0,0,0.0,451,0.0,8,0,,29.1,0.0,,,0.0
KN024/5,KN024/5,?,?,8.7,dormant,Dead / Dormant,🔴,0.0,0.0,0.0,0.0,0,0.0,518,0.0,8,0,,29.1,0.0,,,0.0
KN024/2,KN024/2,?,?,8.7,dormant,Dead / Dormant,🔴,0.0,0.0,0.0,0.0,0,0.0,518,0.0,8,0,,29.1,0.0,,,0.0
KS019/4,KS019/4,?,?,8.7,dormant,Dead / Dormant,🔴,0.0,0.0,0.0,0.0,0,0.0,475,0.0,8,0,,29.1,0.0,,,0.0
KH032,Hardware Hub,NP,Nikhil Panchal,8.7,dormant,Dead / Dormant,🔴,0.0,0.0,0.0,0.0,0,0.0,524,0.0,8,0,,29.1,0.0,,,0.0
KS019/3,KS019/3,?,?,8.7,dormant,Dead / Dormant,🔴,0.0,0.0,0.0,0.0,0,0.0,476,0.0,8,0,,29.1,0.0,,,0.0
KZ010,Z & K Building Consultants,AC,Aboo Cassim,8.7,dormant,Dead / Dormant,🔴,0.0,0.0,0.0,0.0,0,0.0,516,0.0,8,0,,29.1,0.0,,,0.0
KN024/1,KN024/1,?,?,8.7,dormant,Dead / Dormant,🔴,0.0,0.0,0.0,0.0,0,0.0,451,0.0,8,0,,29.1,0.0,,,0.0
KN024/3,KN024/3,?,?,8.7,dormant,Dead / Dormant,🔴,0.0,0.0,0.0,0.0,0,0.0,542,0.0,8,0,,29.1,0.0,,,0.0
KO013,Olive Urban,BM,Byron Minnie,8.6,at_risk,At-Risk,🟠,0.33,0.17,0.08,4.2,0,0.0,47,0.0,0,0,,0.0,0.0,,0.0,50.0
KA040,A & S Enterprises (Pty) Ltd,NP,Nikhil Panchal,7.6,dormant,Dead / Dormant,🔴,0.0,0.0,0.0,0.0,0,0.0,627,0.0,7,0,,25.5,0.0,,,0.0
KP005/4,KP005/4,?,?,7.6,dormant,Dead / Dormant,🔴,0.0,0.0,0.0,0.0,0,0.0,462,0.0,7,0,,25.5,0.0,,,0.0
KB073,Best Build Hardware,AC,Aboo Cassim,7.6,dormant,Dead / Dormant,🔴,0.0,0.0,0.0,0.0,0,0.0,593,0.0,7,0,,25.5,0.0,,,0.0
KP053/4,KP053/4,?,?,7.6,dormant,Dead / Dormant,🔴,0.0,0.0,0.0,0.0,0,0.0,462,0.0,7,0,,25.5,0.0,,,0.0
KA022,NSR Hardware C.C.,BV,Bhadresh Vallabh,7.6,dormant,Dead / Dormant,🔴,0.0,0.0,0.0,0.0,1,0.17,691,0.0,7,0,,25.5,0.0,,,0.0
KM143,Wellmark Investments,NP,Nikhil Panchal,7.6,dormant,Dead / Dormant,🔴,0.0,0.0,0.0,0.0,0,0.0,462,0.0,7,0,,25.5,0.0,,,0.0
KN004,Neha HW & Bldg. Mat.,NP,Nikhil Panchal,7.6,dormant,Dead / Dormant,🔴,0.0,0.0,0.0,0.0,2,0.33,389,0.0,7,0,,25.5,0.0,,,0.0
KM056,Madina PropertY Trust,NP,Nikhil Panchal,7.6,dormant,Dead / Dormant,🔴,0.0,0.0,0.0,0.0,0,0.0,665,0.0,7,0,,25.5,0.0,,,0.0
KM116,Maserumo Xpress,AP,Amit Patel,7.6,dormant,Dead / Dormant,🔴,0.0,0.0,0.0,0.0,0,0.0,518,0.0,7,0,,25.5,0.0,,,0.0
KD017,Discount Hardware,AP,Amit Patel,7.6,dormant,Dead / Dormant,🔴,0.0,0.0,0.0,0.0,0,0.0,521,0.0,7,0,,25.5,0.0,,,0.0
KV018,Vantis Gift Centre CC,AC,Aboo Cassim,7.5,dormant,Dead / Dormant,🔴,0.0,0.0,0.08,0.0,0,0.0,185,0.0,2,1,Accessories,12.7,24.4,Accessories:6.1%,,0.0
KM027/7,KM027/7,?,?,6.5,dormant,Dead / Dormant,🔴,0.0,0.0,0.0,0.0,0,0.0,517,0.0,6,0,,21.8,0.0,,,0.0
KM012/1,KM012/1,?,?,6.5,dormant,Dead / Dormant,🔴,0.0,0.0,0.0,0.0,0,0.0,467,0.0,6,0,,21.8,0.0,,,0.0
KF016,Friends,NP,Nikhil Panchal,6.5,dormant,Dead / Dormant,🔴,0.0,0.0,0.0,0.0,0,0.0,509,0.0,6,0,,21.8,0.0,,,0.0
KP053/2,KP053/2,?,?,6.5,dormant,Dead / Dormant,🔴,0.0,0.0,0.0,0.0,0,0.0,461,0.0,6,0,,21.8,0.0,,,0.0
KM004/2,KM004/2,?,?,6.5,dormant,Dead / Dormant,🔴,0.0,0.0,0.0,0.0,0,0.0,643,0.0,6,0,,21.8,0.0,,,0.0
KL011/1,KL011/1,?,?,6.5,dormant,Dead / Dormant,🔴,0.0,0.0,0.0,0.0,0,0.0,615,0.0,6,0,,21.8,0.0,,,0.0
KB013/2,KB013/2,?,?,6.5,dormant,Dead / Dormant,🔴,0.0,0.0,0.0,0.0,0,0.0,469,0.0,6,0,,21.8,0.0,,,0.0
KB013/1,KB013/1,?,?,6.5,dormant,Dead / Dormant,🔴,0.0,0.0,0.0,0.0,0,0.0,615,0.0,6,0,,21.8,0.0,,,0.0
KB036,BRM Investments,AP,Amit Patel,6.5,dormant,Dead / Dormant,🔴,0.0,0.0,0.0,0.0,0,0.0,635,0.0,6,0,,21.8,0.0,,,0.0
KF011,Family Hardware,AP,Amit Patel,6.5,dormant,Dead / Dormant,🔴,0.0,0.0,0.0,0.0,0,0.0,511,0.0,6,0,,21.8,0.0,,,0.0
KD054,Discount Builders,BV,Bhadresh Vallabh,6.5,dormant,Dead / Dormant,🔴,0.0,0.0,0.0,0.0,0,0.0,614,0.0,6,0,,21.8,0.0,,,0.0
KS128,Steel City Hardware,NP,Nikhil Panchal,6.4,dormant,Dead / Dormant,🔴,0.0,0.0,0.08,0.0,0,0.0,340,0.0,4,1,PVA Paints,20.0,2.4,PVA Paints:0.6%,,0.0
KW014,Walwati Properties (PTY) LTD,AC,Aboo Cassim,6.1,dormant,Dead / Dormant,🔴,0.0,0.0,0.17,0.0,2,0.33,340,0.0,2,2,"Enamel, QD Enamel",18.2,4.2,QD Enamel:1.0%; Enamel:1.1%,,0.0
KB105,BAPS Lenasia,SP,SP,5.9,dormant,Dead / Dormant,🔴,0.0,0.0,0.17,0.0,0,0.0,210,0.0,2,2,"PVA Paints, QD Enamel",18.2,3.2,PVA Paints:0.6%; QD Enamel:1.0%,,0.0
KD016/2,KD016/2,?,?,5.5,dormant,Dead / Dormant,🔴,0.0,0.0,0.0,0.0,0,0.0,727,0.0,5,0,,18.2,0.0,,,0.0
KQ005,Qwa Qwa HW - TA Mica HWare,NP,Nikhil Panchal,5.5,dormant,Dead / Dormant,🔴,0.0,0.0,0.0,0.0,0,0.0,398,0.0,5,0,,18.2,0.0,,,0.0
KF018/3,KF018/3,?,?,5.5,dormant,Dead / Dormant,🔴,0.0,0.0,0.0,0.0,0,0.0,439,0.0,5,0,,18.2,0.0,,,0.0
KV016,Vendeco Trading,BV,Bhadresh Vallabh,5.5,dormant,Dead / Dormant,🔴,0.0,0.0,0.0,0.0,2,0.33,739,0.0,5,0,,18.2,0.0,,,0.0
KV019,Vaal Electrical Hardware,AC,Aboo Cassim,5.5,dormant,Dead / Dormant,🔴,0.0,0.0,0.0,0.0,0,0.0,678,0.0,5,0,,18.2,0.0,,,0.0
KD058,Discount Build Hardware,BV,Bhadresh Vallabh,5.5,dormant,Dead / Dormant,🔴,0.0,0.0,0.0,0.0,0,0.0,466,0.0,5,0,,18.2,0.0,,,0.0
KF018/1,KF018/1,?,?,5.5,dormant,Dead / Dormant,🔴,0.0,0.0,0.0,0.0,0,0.0,460,0.0,5,0,,18.2,0.0,,,0.0
KY004,Builders Mart,NP,Nikhil Panchal,5.5,dormant,Dead / Dormant,🔴,0.0,0.0,0.0,0.0,0,0.0,389,0.0,5,0,,18.2,0.0,,,0.0
KM027/6,KM027/6,?,?,5.5,dormant,Dead / Dormant,🔴,0.0,0.0,0.0,0.0,0,0.0,462,0.0,5,0,,18.2,0.0,,,0.0
KM027/12,KM027/12,?,?,5.5,dormant,Dead / Dormant,🔴,0.0,0.0,0.0,0.0,0,0.0,445,0.0,5,0,,18.2,0.0,,,0.0
KM027/14,KM027/14,?,?,5.5,dormant,Dead / Dormant,🔴,0.0,0.0,0.0,0.0,0,0.0,445,0.0,5,0,,18.2,0.0,,,0.0
KA112,AR Electrical,LDB,LDB,5.2,dormant,Dead / Dormant,🔴,0.0,0.0,0.25,0.0,0,0.0,241,0.0,1,1,Floor & Roof Paints,9.1,16.4,Floor & Roof Paints:4.1%,,0.0
KA072,Amods Electrical & Plumbing,AP,Amit Patel,4.3,dormant,Dead / Dormant,🔴,0.0,0.0,0.0,0.0,0,0.0,717,0.0,4,0,,14.5,0.0,,,0.0
KH021/1,KH021/1,?,?,4.3,dormant,Dead / Dormant,🔴,0.0,0.0,0.0,0.0,0,0.0,438,0.0,4,0,,14.5,0.0,,,0.0
KT014/1,KT014/1,?,?,4.3,dormant,Dead / Dormant,🔴,0.0,0.0,0.0,0.0,0,0.0,524,0.0,4,0,,14.5,0.0,,,0.0
KH021/2,KH021/2,?,?,4.3,dormant,Dead / Dormant,🔴,0.0,0.0,0.0,0.0,0,0.0,441,0.0,4,0,,14.5,0.0,,,0.0
KF018/5,KF018/5,?,?,4.3,dormant,Dead / Dormant,🔴,0.0,0.0,0.0,0.0,0,0.0,550,0.0,4,0,,14.5,0.0,,,0.0
KF018/4,KF018/4,?,?,4.3,dormant,Dead / Dormant,🔴,0.0,0.0,0.0,0.0,0,0.0,648,0.0,4,0,,14.5,0.0,,,0.0
KM071/1,KM071/1,?,?,4.3,dormant,Dead / Dormant,🔴,0.0,0.0,0.0,0.0,0,0.0,455,0.0,4,0,,14.5,0.0,,,0.0
KI015/1,KI015/1,?,?,4.3,dormant,Dead / Dormant,🔴,0.0,0.0,0.0,0.0,0,0.0,458,0.0,4,0,,14.5,0.0,,,0.0
KP057,Priyanka Supermarket,BV,Bhadresh Vallabh,4.3,dormant,Dead / Dormant,🔴,0.0,0.0,0.0,0.0,0,0.0,552,0.0,4,0,,14.5,0.0,,,0.0
KQ012,Sembro Hardware T A Concrete &,NP,Nikhil Panchal,4.3,dormant,Dead / Dormant,🔴,0.0,0.0,0.0,0.0,0,0.0,706,0.0,4,0,,14.5,0.0,,,0.0
KP053/3,KP053/3,?,?,4.3,dormant,Dead / Dormant,🔴,0.0,0.0,0.0,0.0,0,0.0,452,0.0,4,0,,14.5,0.0,,,0.0
KG034,Gauteng Bed Manufacturers,Z1,Z1,3.6,dormant,Dead / Dormant,🔴,0.0,0.0,0.17,0.0,0,0.0,299,0.0,1,1,Floor & Roof Paints,9.1,5.6,Floor & Roof Paints:1.4%,,0.0
KU007,Ultra Safety Tint,Z1,Z1,3.3,dormant,Dead / Dormant,🔴,0.0,0.0,0.0,0.0,0,0.0,476,0.0,3,0,,10.9,0.0,,,0.0
KA078,Asif Cash & Carry & Hardware,NP,Nikhil Panchal,3.3,dormant,Dead / Dormant,🔴,0.0,0.0,0.08,0.0,2,0.33,251,0.0,1,1,PVA Paints,9.1,4.0,PVA Paints:1.0%,,0.0
KZ008/1,KZ008/1,?,?,3.3,dormant,Dead / Dormant,🔴,0.0,0.0,0.0,0.0,0,0.0,727,0.0,3,0,,10.9,0.0,,,0.0
KP058/1,KP058/1,?,?,3.3,dormant,Dead / Dormant,🔴,0.0,0.0,0.0,0.0,0,0.0,524,0.0,3,0,,10.9,0.0,,,0.0
KG006/4,KG006/4,?,?,3.3,dormant,Dead / Dormant,🔴,0.0,0.0,0.0,0.0,0,0.0,726,0.0,3,0,,10.9,0.0,,,0.0
KS111,Speedy Hardware,NP,Nikhil Panchal,3.3,dormant,Dead / Dormant,🔴,0.0,0.0,0.0,0.0,0,0.0,654,0.0,3,0,,10.9,0.0,,,0.0
KM027/1,KM027/1,?,?,3.3,dormant,Dead / Dormant,🔴,0.0,0.0,0.0,0.0,0,0.0,510,0.0,3,0,,10.9,0.0,,,0.0
KM004/1,KM004/1,?,?,3.3,dormant,Dead / Dormant,🔴,0.0,0.0,0.0,0.0,0,0.0,770,0.0,3,0,,10.9,0.0,,,0.0
KP062,Paint Kingdom,LDB,LDB,3.0,dormant,Dead / Dormant,🔴,0.0,0.0,0.08,0.0,0,0.0,248,0.0,1,1,Enamel,9.1,2.0,Enamel:0.5%,,0.0
KM008,Maxi Save Hardware Corporation,NP,Nikhil Panchal,2.2,dormant,Dead / Dormant,🔴,0.0,0.0,0.0,0.0,1,0.17,384,0.0,2,0,,7.3,0.0,,,0.0
KS123,KS123,?,?,2.2,dormant,Dead / Dormant,🔴,0.0,0.0,0.0,0.0,0,0.0,788,0.0,2,0,,7.3,0.0,,,0.0
KM027/15,KM027/15,?,?,2.2,dormant,Dead / Dormant,🔴,0.0,0.0,0.0,0.0,0,0.0,544,0.0,2,0,,7.3,0.0,,,0.0
KA107,Applemint Properties 91 Pty Lt,BV,Bhadresh Vallabh,2.2,dormant,Dead / Dormant,🔴,0.0,0.0,0.0,0.0,0,0.0,526,0.0,2,0,,7.3,0.0,,,0.0
KH013/1,KH013/1,?,?,2.2,dormant,Dead / Dormant,🔴,0.0,0.0,0.0,0.0,0,0.0,454,0.0,2,0,,7.3,0.0,,,0.0
KM156,Mohan Hira (Tolstoy Farm),Z1,Z1,2.2,dormant,Dead / Dormant,🔴,0.0,0.0,0.0,0.0,0,0.0,724,0.0,2,0,,7.3,0.0,,,0.0
KD024,KD024,?,?,2.2,dormant,Dead / Dormant,🔴,0.0,0.0,0.0,0.0,0,0.0,665,0.0,2,0,,7.3,0.0,,,0.0
KS046,Scenic Route Trading 580 cc,BV,Bhadresh Vallabh,2.2,dormant,Dead / Dormant,🔴,0.0,0.0,0.0,0.0,0,0.0,612,0.0,2,0,,7.3,0.0,,,0.0
KB047,Sunshine 786 Trading,NP,Nikhil Panchal,2.2,dormant,Dead / Dormant,🔴,0.0,0.0,0.0,0.0,0,0.0,461,0.0,2,0,,7.3,0.0,,,0.0
KB044,Border Plumbing & Hardware,BV,Bhadresh Vallabh,2.2,dormant,Dead / Dormant,🔴,0.0,0.0,0.0,0.0,0,0.0,538,0.0,2,0,,7.3,0.0,,,0.0
KH017,Capstan Trading 896 CC,NP,Nikhil Panchal,1.1,dormant,Dead / Dormant,🔴,0.0,0.0,0.0,0.0,0,0.0,740,0.0,1,0,,3.6,0.0,,,0.0
KM027/2,KM027/2,?,?,1.1,dormant,Dead / Dormant,🔴,0.0,0.0,0.0,0.0,0,0.0,598,0.0,1,0,,3.6,0.0,,,0.0
KM027/16,KM027/16,?,?,1.1,dormant,Dead / Dormant,🔴,0.0,0.0,0.0,0.0,0,0.0,795,0.0,1,0,,3.6,0.0,,,0.0
KM027/5,KM027/5,?,?,1.1,dormant,Dead / Dormant,🔴,0.0,0.0,0.0,0.0,0,0.0,475,0.0,1,0,,3.6,0.0,,,0.0
KM068,Warden Mica,NP,Nikhil Panchal,1.1,dormant,Dead / Dormant,🔴,0.0,0.0,0.0,0.0,0,0.0,508,0.0,1,0,,3.6,0.0,,,0.0
KA066,KA066,?,?,1.1,dormant,Dead / Dormant,🔴,0.0,0.0,0.0,0.0,0,0.0,439,0.0,1,0,,3.6,0.0,,,0.0
KL048,Living Inspired Interiors,BM,Byron Minnie,1.1,dormant,Dead / Dormant,🔴,0.0,0.0,0.17,0.0,0,0.0,271,0.0,1,0,,3.6,0.0,,,0.0
KV020,KV020,?,?,1.1,dormant,Dead / Dormant,🔴,0.0,0.0,0.0,0.0,0,0.0,579,0.0,1,0,,3.6,0.0,,,0.0
KM027/13,KM027/13,?,?,1.1,dormant,Dead / Dormant,🔴,0.0,0.0,0.0,0.0,0,0.0,545,0.0,1,0,,3.6,0.0,,,0.0
KE016,Eeezee Foam (Pty) Ltd,AC,Aboo Cassim,1.1,dormant,Dead / Dormant,🔴,0.0,0.0,0.0,0.0,0,0.0,798,0.0,1,0,,3.6,0.0,,,0.0
KR039,Re Dev Co (Pty) Ltd.,Z1,Z1,1.1,dormant,Dead / Dormant,🔴,0.0,0.0,0.0,0.0,0,0.0,647,0.0,1,0,,3.6,0.0,,,0.0
KO004,Olympic Resins,Z1,Z1,0.0,dormant,Dead / Dormant,🔴,0.0,0.0,0.25,0.0,0,0.0,195,0.0,0,0,,0.0,0.0,,,0.0
KS049,Shayona Foundation,Z1,Z1,0.0,dormant,Dead / Dormant,🔴,0.0,0.0,0.08,0.0,0,0.0,285,0.0,0,0,,0.0,0.0,,,0.0
